Damage No,Branch Name,Date,Item Code,Item Name,Exp Dt,Qty,Cost Price,Selling Price,MRP,GST %,GST taxAmt,Net Amt,Wastage Type
83,URBAN PETS / MOTERA,2026-08-13,297,Metal Cage 30 Inch,,2.000,1652.54,3900.00,3900.00,18,594.92,3899.99,Damage
82,URBAN PETS / MOTERA,2026-08-07,11030,Royal Canin Hair and Skin 1.2 KG,2028-10-30,3.000,823.11,1368.00,1368.00,18,444.48,2913.81,Wastage
82,URBAN PETS / MOTERA,2026-08-07,11030,Royal Canin Hair and Skin 1.2 KG,2028-10-30,3.000,869.49,1368.00,1368.00,18,469.52,3077.99,Wastage
81,URBAN PETS / MOTERA,2026-08-05,9665,Vet-Pro Gastro Gravy 150gm,2028-05-30,2.000,58.73,99.00,99.00,18,21.14,138.60,Wastage
80,URBAN PETS / MOTERA,2026-08-05,5963,Vet-Pro Adult 12 KG,2099-12-12,1.000,1100.00,2800.00,2800.00,18,198.00,1298.00,Wastage
79,URBAN PETS / MOTERA,2026-08-05,2207,Vet-Pro Renal 3KG,2027-03-03,1.000,787.62,1549.00,1549.00,18,141.78,929.40,Wastage
78,URBAN PETS / MOTERA,2026-07-28,11571,Forcans long coat Shampoo 4 litres,2028-05-30,1.000,2663.42,3950.00,3950.00,5,133.18,2796.60,Wastage
77,URBAN PETS / MOTERA,2026-07-28,10388,lozalo volumizing shampoo 5 ltre,2029-08-30,2.000,1887.30,4003.00,4003.00,5,188.74,3963.33,Damage
76,URBAN PETS / MOTERA,2026-07-25,5977,Vet Pro renal 8kg,2099-12-12,1.000,1545.00,3699.00,3699.00,18,278.10,1823.10,Damage
75,URBAN PETS / MOTERA,2026-07-03,11285,HUFT Saras Wholesome Grain-Free Lamb and Apple Dog Wet Food - 300gm,2026-02-18,5.000,231.25,389.00,389.00,18,208.12,1364.38,Wastage
74,URBAN PETS / MOTERA,2026-07-03,11469,huft saras wholesome flavours of india chicken biryani dog wet food - 300 gm,2026-03-20,2.000,182.44,299.00,299.00,18,65.68,430.56,Wastage
74,URBAN PETS / MOTERA,2026-07-03,11285,HUFT Saras Wholesome Grain-Free Lamb and Apple Dog Wet Food - 300gm,2026-08-30,2.000,215.20,379.00,379.00,18,77.46,507.85,Wastage
74,URBAN PETS / MOTERA,2026-07-03,11285,HUFT Saras Wholesome Grain-Free Lamb and Apple Dog Wet Food - 300gm,2026-08-30,1.000,215.18,379.00,379.00,18,38.74,253.92,Wastage
74,URBAN PETS / MOTERA,2026-07-03,11489,Saras Mutton Biryani 300gm,2026-03-18,2.000,270.00,329.00,329.00,18,97.20,637.20,Wastage
74,URBAN PETS / MOTERA,2026-07-03,11493,saras wholesome food chicken and turkey 300 gm,2026-03-19,1.000,237.36,389.00,389.00,18,42.72,280.08,Wastage
74,URBAN PETS / MOTERA,2026-07-03,11778,saras wholesome food chicken and veggies 300 gm,2026-03-13,3.000,231.25,379.00,379.00,18,124.88,818.63,Wastage
74,URBAN PETS / MOTERA,2026-07-03,11779,saras wholesome food Duck and Quinoa 300 gm,2026-03-12,8.000,237.36,379.00,379.00,18,341.80,2240.68,Wastage
73,URBAN PETS / MOTERA,2026-06-25,6901,Matisse Salmon and Tuna 1.5KG,2026-03-30,1.000,835.94,1370.00,1370.00,18,150.46,986.40,Wastage
72,URBAN PETS / MOTERA,2026-06-17,11713,himalaya puppy chicken and milk 3 kg,2026-06-14,5.000,476.19,860.00,860.00,18,428.58,2809.52,Wastage
71,URBAN PETS / MOTERA,2026-06-06,11777,Royal canin Instinctive loaf gravy 85 gm,2026-05-12,37.000,74.00,110.00,110.00,18,492.84,3230.84,Wastage
70,URBAN PETS / MOTERA,2026-06-04,7431,Twistix Yogurt Banana small 50 Sticks,2026-12-20,1.000,724.23,1695.00,1695.00,18,130.36,854.59,Wastage
69,URBAN PETS / MOTERA,2026-06-03,4117,NP Picnic Biscuits 900G,2027-04-30,2.000,76.28,200.00,200.00,18,27.46,180.02,Wastage
68,URBAN PETS / MOTERA,2026-06-03,4083,NP Mix Non Veg (Large) 550G,2027-04-30,1.000,95.34,250.00,250.00,18,17.16,112.50,Wastage
68,URBAN PETS / MOTERA,2026-06-03,4093,NP Mix Non Veg (Medium) 550G,2027-02-03,1.000,95.34,250.00,250.00,18,17.16,112.50,Wastage
68,URBAN PETS / MOTERA,2026-06-03,4058,NP Mix Veg 550G  (L),2026-08-30,3.000,95.34,250.00,250.00,18,51.48,337.50,Wastage
68,URBAN PETS / MOTERA,2026-06-03,4074,NP Mix Veg 550G (M),2027-04-30,3.000,95.34,250.00,250.00,18,51.48,337.50,Wastage
67,URBAN PETS / MOTERA,2026-05-26,7773,Himalaya Puppy Chicken and Rice 20KG,2026-10-12,3.000,2708.89,4892.00,4892.00,18,1462.80,9589.47,Wastage
67,URBAN PETS / MOTERA,2026-05-26,7773,Himalaya Puppy Chicken and Rice 20KG,2026-10-10,3.000,2708.88,4892.00,4892.00,18,1462.80,9589.44,Wastage
66,URBAN PETS / MOTERA,2026-05-12,6968,SH- Adult Lamb and Rice 20 kg,2026-04-14,1.000,2250.50,3850.00,3850.00,18,0.00,2250.50,Wastage
65,URBAN PETS / MOTERA,2026-05-09,11361,Drools Veg 20KG,2030-08-30,3.000,2732.42,4299.00,4299.00,18,0.00,8197.26,Wastage
64,URBAN PETS / MOTERA,2026-05-08,10960,Snookie Biscuit Chicken Liver - 500gm jar,2026-06-30,2.000,127.12,250.00,250.00,18,0.00,254.24,Wastage
63,URBAN PETS / MOTERA,2026-05-07,10960,Snookie Biscuit Chicken Liver - 500gm jar,2026-06-30,1.000,127.12,250.00,250.00,18,0.00,127.12,Wastage
63,URBAN PETS / MOTERA,2026-05-07,10960,Snookie Biscuit Chicken Liver - 500gm jar,2026-10-17,2.000,127.12,250.00,250.00,18,0.00,254.24,Wastage
63,URBAN PETS / MOTERA,2026-05-07,11150,Snookie Biscuit Chicken Liver flavour - 500gm Refill Pack,2026-12-12,1.000,111.86,220.00,220.00,18,0.00,111.86,Wastage
63,URBAN PETS / MOTERA,2026-05-07,11152,Snookie Biscuit Milk - Carrot flavour -  500gm Refill Pack,2028-05-30,2.000,186.44,220.00,220.00,18,0.00,372.88,Wastage
63,URBAN PETS / MOTERA,2026-05-07,11152,Snookie Biscuit Milk - Carrot flavour -  500gm Refill Pack,2028-05-30,24.000,186.44,220.00,220.00,18,0.00,4474.56,Wastage
63,URBAN PETS / MOTERA,2026-05-07,10964,Snookie Biscuit Mix flavour - 500gm jar,2026-07-18,13.000,127.12,250.00,250.00,18,0.00,1652.56,Wastage
63,URBAN PETS / MOTERA,2026-05-07,11154,Snookie Biscuit Mix flavour - 500gm Refill Pack,2026-06-30,2.000,111.86,220.00,220.00,18,0.00,223.72,Wastage
63,URBAN PETS / MOTERA,2026-05-07,11154,Snookie Biscuit Mix flavour - 500gm Refill Pack,2026-06-30,1.000,186.44,220.00,220.00,18,0.00,186.44,Wastage
62,URBAN PETS / MOTERA,2026-05-07,10962,Snookie Biscuit  Milk - Carrot flavour - 500gm jar,2026-07-30,3.000,127.12,250.00,250.00,18,0.00,381.36,Wastage
62,URBAN PETS / MOTERA,2026-05-07,11151,Snookie Biscuit chicken flavour - 500gm Refill Pack,2028-05-30,18.000,186.44,220.00,220.00,18,0.00,3355.92,Wastage
62,URBAN PETS / MOTERA,2026-05-07,11151,Snookie Biscuit chicken flavour - 500gm Refill Pack,2028-05-30,22.000,186.44,220.00,220.00,18,0.00,4101.68,Wastage
61,URBAN PETS / MOTERA,2026-05-07,11153,Snookie Biscuit cheese flavour - 500gm Refill Pack,2026-06-30,2.000,111.86,220.00,220.00,18,0.00,223.72,Wastage
61,URBAN PETS / MOTERA,2026-05-07,10963,Snookie Biscuit cheese flavour- 500gm jar,2026-07-17,1.000,127.12,250.00,250.00,18,0.00,127.12,Wastage
61,URBAN PETS / MOTERA,2026-05-07,10961,Snookie Biscuit chicken flavour - 500gm jar,2026-06-30,1.000,211.86,250.00,250.00,18,0.00,211.86,Wastage
61,URBAN PETS / MOTERA,2026-05-07,10961,Snookie Biscuit chicken flavour - 500gm jar,2026-08-30,4.000,127.12,250.00,250.00,18,0.00,508.48,Wastage
60,URBAN PETS / MOTERA,2026-04-18,11633,Melamine Bowl Plain Large,,1.000,220.00,480.00,480.00,18,0.00,220.00,Damage
60,URBAN PETS / MOTERA,2026-04-18,11629,Melamine Bowl Printed Large,,1.000,237.71,510.00,510.00,18,0.00,237.71,Damage
59,URBAN PETS / MOTERA,2026-04-14,6132,Pedigree Puppy Chicken And Milk 2.8 kg,2030-08-30,4.000,483.76,685.00,685.00,18,0.00,1935.04,Wastage
58,URBAN PETS / MOTERA,2026-03-24,6790,Royal Canin Kitten 2KG,2026-08-28,1.000,1338.02,2210.00,2210.00,18,240.84,1578.86,Damage
57,URBAN PETS / MOTERA,2026-03-21,7256,Proplan Puppy Medium 15kg,2026-03-13,1.000,6876.61,11500.00,11500.00,18,1237.78,8114.39,Damage
56,URBAN PETS / MOTERA,2026-03-17,10727,Kuku Ma-u Tasty and Magic Kitten Food 7.2 Kg,2026-03-15,1.000,1347.46,2650.00,2650.00,18,242.54,1590.00,Damage
56,URBAN PETS / MOTERA,2026-03-17,10725,Kuku Ma-u Tuna Fish Oil Cat Food 7.2 Kg,2026-03-13,1.000,1296.73,2550.00,2550.00,18,233.40,1530.13,Damage
55,URBAN PETS / MOTERA,2026-03-17,10847,M and K Adult Dog Food 3 Kg,2026-07-30,4.000,766.74,1645.00,1645.00,18,552.06,3619.01,Damage
55,URBAN PETS / MOTERA,2026-03-17,10846,M and K Puppy Dog Food 3 Kg,2026-06-30,1.000,953.17,2045.00,2045.00,18,171.58,1124.75,Damage
55,URBAN PETS / MOTERA,2026-03-17,11080,M and K Wet Food Adult 85gm,2027-09-30,12.000,0.01,66.00,66.00,17,0.02,0.14,Damage
54,URBAN PETS / MOTERA,2026-02-04,7850,Himalaya Immunol 100 ml,2027-11-12,1.000,120.55,161.00,161.00,5,6.02,126.57,Damage
53,URBAN PETS / MOTERA,2026-01-31,10394,All 4 Pet Goat Elite Powd 200gm,2025-10-30,1.000,813.56,1200.00,1200.00,18,146.44,960.00,Wastage
53,URBAN PETS / MOTERA,2026-01-31,10622,Applaws Cat Treat Whole Mackerel Loin 30gm,2025-10-17,10.000,133.22,250.00,250.00,18,239.80,1572.00,Wastage
53,URBAN PETS / MOTERA,2026-01-31,10621,Applaws Cat treat Whole Tuna Loin 30gm,2025-10-11,6.000,133.22,250.00,250.00,18,143.88,943.20,Wastage
53,URBAN PETS / MOTERA,2026-01-31,7181,Canine Creek Adult 3 kg,2025-08-30,1.000,1364.40,2300.00,2300.00,18,245.60,1610.00,Wastage
53,URBAN PETS / MOTERA,2026-01-31,7447,Chicken Bacon Bone BBQ,2025-08-30,1.000,198.09,425.00,425.00,18,35.66,233.75,Wastage
53,URBAN PETS / MOTERA,2026-01-31,7371,Chip Chops Barbeque Hearts 70g,2025-12-10,2.000,100.21,215.00,215.00,18,36.08,236.50,Wastage
53,URBAN PETS / MOTERA,2026-01-31,7827,Drools Absolute Digestive Tablet 50 Pcs,2025-08-30,5.000,212.00,265.00,265.00,18,0.00,1060.00,Wastage
53,URBAN PETS / MOTERA,2026-01-31,10407,Drools Absolute Mobility 110 Tab.,2025-08-30,2.000,420.00,525.00,525.00,18,0.00,840.00,Wastage
53,URBAN PETS / MOTERA,2026-01-31,10408,Drools Absolute Mobility 50 Tab.,2025-08-30,8.000,212.00,265.00,265.00,18,0.00,1696.00,Wastage
53,URBAN PETS / MOTERA,2026-01-31,812,Drools Cat Ocean Fish 100gm,2024-08-30,1.000,8.00,10.00,10.00,18,1.44,9.44,Wastage
53,URBAN PETS / MOTERA,2026-01-31,11417,Ektek Peanut Butter For Dogs 200gm,2025-12-12,1.000,186.45,275.00,275.00,18,33.56,220.01,Wastage
53,URBAN PETS / MOTERA,2026-01-31,2032,Fidele Adult Large Breed 1KG,2024-12-30,10.000,413.14,750.00,750.00,18,743.66,4875.05,Wastage
53,URBAN PETS / MOTERA,2026-01-31,7938,Fresh Me Up Bloom 160 ML,2025-01-30,4.000,203.39,300.00,300.00,5,40.68,854.24,Wastage
53,URBAN PETS / MOTERA,2026-01-31,948,Friskies Surfin 6 Kg,2025-10-30,4.000,1694.23,2499.00,2499.00,18,1219.84,7996.77,Wastage
53,URBAN PETS / MOTERA,2026-01-31,4522,GN Calcium Milk Bone Large 4X1,2024-12-30,17.000,88.14,160.00,160.00,18,269.70,1768.09,Wastage
53,URBAN PETS / MOTERA,2026-01-31,7516,GN Vegetable Bone,2024-03-21,4.000,85.43,160.00,160.00,18,61.50,403.23,Wastage
53,URBAN PETS / MOTERA,2026-01-31,7481,Goodies Treat Chlorophyll 125G,2025-12-12,1.000,106.78,210.00,210.00,18,19.22,126.00,Wastage
53,URBAN PETS / MOTERA,2026-01-31,7478,Goodies Treat Liver 125G,2025-02-10,6.000,106.78,210.00,210.00,18,115.32,756.00,Wastage
53,URBAN PETS / MOTERA,2026-01-31,7480,Goodies Treat original 125Gm,2025-11-23,6.000,106.78,210.00,210.00,18,115.32,756.00,Wastage
53,URBAN PETS / MOTERA,2026-01-31,7630,Himalaya biscuit adult 400G,2024-07-30,1.000,122.10,180.00,180.00,18,21.98,144.08,Wastage
53,URBAN PETS / MOTERA,2026-01-31,7169,Himalaya Puppy Chicken and Rice 1.2KG,2025-09-19,8.000,288.13,425.00,425.00,18,414.90,2719.95,Wastage
53,URBAN PETS / MOTERA,2026-01-31,10674,Intas D-mag Spray 120ml,2025-05-30,4.000,165.72,232.00,232.00,5,33.14,696.02,Wastage
53,URBAN PETS / MOTERA,2026-01-31,3037,INTAS ZIPVIT 200ML,2025-09-30,1.000,179.67,265.00,265.00,18,32.34,212.01,Wastage
53,URBAN PETS / MOTERA,2026-01-31,7659,JH 70G Bacon,2025-09-12,12.000,106.78,210.00,210.00,18,230.64,1512.00,Wastage
53,URBAN PETS / MOTERA,2026-01-31,7659,JH 70G Bacon,2025-07-18,3.000,106.78,210.00,210.00,18,57.66,378.00,Wastage
53,URBAN PETS / MOTERA,2026-01-31,7762,JH 70g Morning Time Stick,2024-12-08,3.000,101.19,199.00,199.00,18,54.64,358.21,Wastage
53,URBAN PETS / MOTERA,2026-01-31,6946,Kittos Cod Sandwich 35gm,2025-09-01,4.000,58.26,125.00,125.00,18,41.94,274.99,Wastage
53,URBAN PETS / MOTERA,2026-01-31,6939,Kittos Snapper Jerky Strips Cat Treat 35g,2025-12-10,3.000,60.59,130.00,130.00,18,32.72,214.49,Wastage
53,URBAN PETS / MOTERA,2026-01-31,6945,Kittos Tuna Mini Sticks 35gm,2025-09-01,3.000,58.26,125.00,125.00,18,31.46,206.24,Wastage
53,URBAN PETS / MOTERA,2026-01-31,10873,Kitty Yums Creamy Salmon and Skipjack - 5 Stick,2025-07-30,1.000,58.72,99.00,99.00,18,10.58,69.30,Wastage
53,URBAN PETS / MOTERA,2026-01-31,10660,Lets Bite Pink Active Adult 20Kg,2025-08-30,1.000,1779.66,3500.00,3500.00,18,320.34,2100.00,Wastage
53,URBAN PETS / MOTERA,2026-01-31,11638,Lint Roller - Y Shape,,12.000,85.81,450.00,450.00,18,185.34,1215.07,Wastage
53,URBAN PETS / MOTERA,2026-01-31,7444,Love Chip 60 gm,2026-01-25,1.000,198.09,425.00,425.00,18,35.66,233.75,Wastage
53,URBAN PETS / MOTERA,2026-01-31,10085,Lozalo Provilege  Ocean Conditioning Cream 125 ml,2025-04-30,2.000,138.01,329.00,329.00,5,13.80,289.82,Wastage
53,URBAN PETS / MOTERA,2026-01-31,10083,Lozalo Provilege Dew Canditioning Cream 125 ml,2025-12-30,6.000,138.01,329.00,329.00,5,41.40,869.46,Wastage
53,URBAN PETS / MOTERA,2026-01-31,10086,Lozalo Provilege Spring Conditioning Cream 125 ml,2025-12-30,1.000,138.01,329.00,329.00,5,6.90,144.91,Wastage
53,URBAN PETS / MOTERA,2026-01-31,975,Matisse Cat Mousse Lamb Gravy 85 gm,2024-12-30,6.000,69.28,109.00,109.00,18,74.82,490.50,Wastage
53,URBAN PETS / MOTERA,2026-01-31,918,N and D Prime Cat GF LB BB Adult 300gms,2025-01-30,2.000,505.29,795.00,795.00,18,181.90,1192.48,Wastage
53,URBAN PETS / MOTERA,2026-01-31,7130,N and D Quin Dog Weight-M Lamb Adult 2.5Kg,2025-08-30,1.000,2192.80,3450.00,3450.00,18,394.70,2587.50,Wastage
53,URBAN PETS / MOTERA,2026-01-31,4063,NP Cheese Biscuits 550G,2024-12-30,7.000,106.00,250.00,250.00,18,133.56,875.56,Wastage
53,URBAN PETS / MOTERA,2026-01-31,4060,NP Chicken Biscuits 550G,2025-06-30,1.000,106.00,250.00,250.00,18,19.08,125.08,Wastage
53,URBAN PETS / MOTERA,2026-01-31,4094,NP Little Pup Veg 800G,2024-11-30,1.000,59.32,140.00,140.00,18,10.68,70.00,Wastage
53,URBAN PETS / MOTERA,2026-01-31,4070,NP Liver Biscuits 550G,2025-06-30,1.000,106.00,250.00,250.00,18,19.08,125.08,Wastage
53,URBAN PETS / MOTERA,2026-01-31,4078,NP Milk Biscuits 550G,2024-11-30,15.000,106.00,250.00,250.00,18,286.20,1876.20,Wastage
53,URBAN PETS / MOTERA,2026-01-31,4104,NP Multi Flavour Biscuits 900G,2024-11-30,14.000,93.25,220.00,220.00,18,235.00,1540.49,Wastage
53,URBAN PETS / MOTERA,2026-01-31,5985,OPTHOCARE PETA EYE DROPS,2025-05-30,2.000,98.21,200.00,200.00,5,9.82,206.24,Wastage
53,URBAN PETS / MOTERA,2026-01-31,11495,Pedigree Pro Active Adult Large Breed 90gm,2025-10-02,24.000,0.85,35.00,35.00,18,3.68,24.07,Wastage
53,URBAN PETS / MOTERA,2026-01-31,11494,Pedigree Pro Puppy Large Breed 90hm,2025-10-01,24.000,0.85,35.00,35.00,18,3.68,24.07,Wastage
53,URBAN PETS / MOTERA,2026-01-31,3122,Pet Joint Tab,2025-06-30,1.000,747.45,1260.00,1260.00,18,134.54,881.99,Wastage
53,URBAN PETS / MOTERA,2026-01-31,3122,Pet Joint Tab,2025-06-30,2.000,149.49,252.00,252.00,18,53.82,352.80,Wastage
53,URBAN PETS / MOTERA,2026-01-31,11132,Petaholic sports series collar -M,,2.000,635.58,750.00,750.00,18,228.82,1499.99,Wastage
53,URBAN PETS / MOTERA,2026-01-31,2420,Pirofur Shampoo 200 ml,2025-11-30,1.000,150.99,300.00,300.00,5,7.56,158.55,Wastage
53,URBAN PETS / MOTERA,2026-01-31,10376,Premium Touring Harness S-M Apple 40-70cm/*20mm,,1.000,524.36,1125.00,1125.00,18,94.38,618.74,Wastage
53,URBAN PETS / MOTERA,2026-01-31,10812,Proplan Puppy Starter 4 kg,2025-10-30,1.000,1728.82,2550.00,2550.00,18,311.18,2040.00,Wastage
53,URBAN PETS / MOTERA,2026-01-31,1660,Royal Canin German Shepherd Puppy 3kg,2024-08-06,1.000,2127.96,3100.00,3100.00,18,383.04,2511.00,Wastage
53,URBAN PETS / MOTERA,2026-01-31,1660,Royal Canin German Shepherd Puppy 3kg,2026-01-05,1.000,2162.28,3150.00,3150.00,18,389.22,2551.50,Wastage
53,URBAN PETS / MOTERA,2026-01-31,7037,Royal Canin Golden Retriever Adult 12 kg,2025-09-14,1.000,7413.56,10800.00,10800.00,18,1334.44,8748.00,Wastage
53,URBAN PETS / MOTERA,2026-01-31,1691,Royal Canin Mini Puppy 85 gm,2024-09-06,6.000,68.64,100.00,100.00,18,74.14,485.97,Wastage
53,URBAN PETS / MOTERA,2026-01-31,2800,SAVA BIOCLAN 600 MG TABLET,2025-11-30,1.000,198.86,290.00,290.00,5,9.94,208.80,Wastage
53,URBAN PETS / MOTERA,2026-01-31,7859,Sava Kiwof Plus Xl,2024-09-30,8.000,76.18,118.50,118.50,5,30.48,639.91,Wastage
53,URBAN PETS / MOTERA,2026-01-31,6978,SH Power Pack Adult 3 Kg,2025-12-30,1.000,704.73,1155.00,1155.00,18,126.86,831.59,Wastage
53,URBAN PETS / MOTERA,2026-01-31,3003,Sulbenz-Pet 200ml,2025-04-30,3.000,236.25,420.00,420.00,5,35.44,744.19,Wastage
53,URBAN PETS / MOTERA,2026-01-31,2457,TOPICURE SPRAY 75 ML,2025-09-30,1.000,120.55,270.00,270.00,5,6.02,126.57,Wastage
53,URBAN PETS / MOTERA,2026-01-31,10676,Toptail Adult Mackerel in Jelly 85gm,2025-07-30,12.000,34.31,55.00,55.00,18,74.10,485.83,Wastage
53,URBAN PETS / MOTERA,2026-01-31,10677,Toptail Adult Shrimp and Tuna in Jelly 85gm,2025-11-30,4.000,34.31,55.00,55.00,18,24.70,161.94,Wastage
53,URBAN PETS / MOTERA,2026-01-31,10757,Trixie Energy Bars with Fruits and Vegetables 5 pcs 100 gm,2025-09-01,2.000,139.36,299.00,299.00,18,50.16,328.89,Wastage
53,URBAN PETS / MOTERA,2026-01-31,10757,Trixie Energy Bars with Fruits and Vegetables 5 pcs 100 gm,2025-09-28,1.000,139.36,299.00,299.00,18,25.08,164.44,Wastage
53,URBAN PETS / MOTERA,2026-01-31,7683,Twistix Peanut  and  Carob Large 156gm,2028-06-17,10.000,230.72,495.00,495.00,18,415.30,2722.50,Wastage
53,URBAN PETS / MOTERA,2026-01-31,1972,Vet Life Dog Joint 12KG,2025-05-30,1.000,8008.47,12600.00,12600.00,18,1441.52,9449.99,Wastage
53,URBAN PETS / MOTERA,2026-01-31,10955,Vet-Pro Obesity Gravy 150gm,2025-12-12,14.000,58.73,99.00,99.00,18,148.00,970.22,Wastage
53,URBAN PETS / MOTERA,2026-01-31,10955,Vet-Pro Obesity Gravy 150gm,2025-12-12,2.000,58.73,99.00,99.00,18,21.14,138.60,Wastage
53,URBAN PETS / MOTERA,2026-01-31,6437,Vivaldis VIV Silky Shampoo 200ml,2025-07-30,2.000,138.00,250.00,250.00,5,13.80,289.80,Wastage
53,URBAN PETS / MOTERA,2026-01-31,10639,Wanpy Duck Sausages 100gm,2025-02-12,1.000,128.17,275.00,275.00,18,23.08,151.25,Wastage
53,URBAN PETS / MOTERA,2026-01-31,10641,Wanpy Soft Lamb Jerky Slices 100gm,2025-02-12,1.000,128.17,275.00,275.00,18,23.08,151.25,Wastage
50,URBAN PETS / MOTERA,2025-12-20,295,Smartypet Cage 50 inch,,2.000,12711.86,30000.00,30000.00,18,4576.26,29999.99,Damage
49,URBAN PETS / MOTERA,2025-12-03,7877,Himalaya Erina EP Shampoo 200 ml,2028-06-16,1.000,218.59,306.00,306.00,5,10.92,229.51,Damage
48,URBAN PETS / MOTERA,2025-12-03,10871,Nutrisource Puppy All Breed 3.5 KG,2027-07-26,1.000,2287.27,2699.00,2699.00,18,411.72,2698.99,Damage
47,URBAN PETS / MOTERA,2025-11-06,10870,Nutrisource Adult All Breed 3.5 KG,2027-05-30,1.000,2117.79,2499.00,2499.00,18,381.20,2498.99,Wastage
46,URBAN PETS / MOTERA,2025-10-28,2349,Andis Deshedding Tool W-L Green,,3.000,1235.17,2650.00,2650.00,18,667.00,4372.50,Damage
46,URBAN PETS / MOTERA,2025-10-28,2348,Andis Flea Comb White/Lime Green,,6.000,467.86,1095.00,1095.00,18,505.28,3312.45,Damage
46,URBAN PETS / MOTERA,2025-10-28,2368,Andis Large Pin Brush Lime Green,,2.000,582.64,1250.00,1250.00,18,209.74,1375.01,Damage
46,URBAN PETS / MOTERA,2025-10-28,4034,Badalona Scratching Post 109cm Beige,,1.000,2120.76,4550.00,4550.00,18,381.74,2502.50,Damage
46,URBAN PETS / MOTERA,2025-10-28,10286,Baking Mat with Bone Silicone 38cm x 28cm,,2.000,734.11,1575.00,1575.00,18,264.28,1732.50,Damage
46,URBAN PETS / MOTERA,2025-10-28,10287,Baking Mat with heart Silicone 38cm x 28cm,,2.000,734.11,1575.00,1575.00,18,264.28,1732.50,Damage
46,URBAN PETS / MOTERA,2025-10-28,10329,Be Nordic Hajo Flounder 35cm,,1.000,442.80,950.00,950.00,18,79.70,522.50,Damage
46,URBAN PETS / MOTERA,2025-10-28,9600,Carding Groomer Detangle and Thin Medium 8X14 CM,,2.000,715.70,1675.00,1675.00,18,257.64,1689.03,Damage
46,URBAN PETS / MOTERA,2025-10-28,9616,Carding Groomer Detangle and Thin Small 7x15 CM,,7.000,662.30,1550.00,1550.00,18,834.50,5470.60,Damage
46,URBAN PETS / MOTERA,2025-10-28,9613,Carding Groomer Plastic Metal Blade 11X15CM,,4.000,1023.36,2395.00,2395.00,18,736.82,4830.26,Damage
46,URBAN PETS / MOTERA,2025-10-28,9417,Caterpillar Latex 26CM,,4.000,448.64,1050.00,1050.00,18,323.02,2117.58,Damage
46,URBAN PETS / MOTERA,2025-10-28,7447,Chicken Bacon Bone BBQ,2026-11-10,5.000,202.75,435.00,435.00,18,182.48,1196.23,Damage
46,URBAN PETS / MOTERA,2025-10-28,7691,Chip Chops Fish On Stick 70G,2026-04-22,1.000,100.21,215.00,215.00,18,18.04,118.25,Damage
46,URBAN PETS / MOTERA,2025-10-28,7699,Chip Chops Lamb Cubes 70gm,2026-06-11,2.000,100.21,215.00,215.00,18,36.08,236.50,Damage
46,URBAN PETS / MOTERA,2025-10-28,7372,Chip Chops Sushi Rolls 70g,2026-12-10,2.000,100.21,215.00,215.00,18,36.08,236.50,Damage
46,URBAN PETS / MOTERA,2025-10-28,9701,Chip Chops Vegetable Twists Real Chicken and Parsley Flavour 100g,2025-08-09,9.000,114.19,245.00,245.00,18,184.98,1212.70,Damage
46,URBAN PETS / MOTERA,2025-10-28,8312,Clicker With Spiral Wrist Loop,,5.000,168.78,395.00,395.00,18,151.90,995.80,Damage
46,URBAN PETS / MOTERA,2025-10-28,9589,Dog Brush Natural Bristles,,3.000,106.82,250.00,250.00,18,57.68,378.14,Damage
46,URBAN PETS / MOTERA,2025-10-28,6043,Dog Toy Bird Animal Sound 30cm,,1.000,405.13,825.00,825.00,18,72.92,478.05,Damage
46,URBAN PETS / MOTERA,2025-10-28,9598,Dog/Cat Deshedding Massage Brush Rubber,,4.000,300.64,645.00,645.00,18,216.46,1419.02,Damage
46,URBAN PETS / MOTERA,2025-10-28,4023,Flexible Dog Rake White/Lime Green,,3.000,603.60,1295.00,1295.00,18,325.94,2136.74,Damage
46,URBAN PETS / MOTERA,2025-10-28,7976,Fresh Breath Skin and Coat Water Additive 473 ml,2025-12-30,4.000,696.82,1495.00,1495.00,5,139.36,2926.64,Damage
46,URBAN PETS / MOTERA,2025-10-28,9468,Gorilla Spiky Bone Regular 16 cm,,1.000,256.36,550.00,550.00,18,46.14,302.50,Damage
46,URBAN PETS / MOTERA,2025-10-28,9527,Hen Original Animal Sound Latex  48CM,,2.000,660.16,1545.00,1545.00,18,237.66,1557.98,Damage
46,URBAN PETS / MOTERA,2025-10-28,10301,Jr. Tuff Peanut Butter Balls  2pk,,1.000,151.49,325.00,325.00,18,27.26,178.75,Damage
46,URBAN PETS / MOTERA,2025-10-28,8056,Junior Licking Plate 15cm Mint,,3.000,146.82,315.00,315.00,18,79.28,519.74,Damage
46,URBAN PETS / MOTERA,2025-10-28,6947,Kitty Licks Tuna with Scallop Flavor Pack of 4,2026-01-31,7.000,62.92,135.00,135.00,18,79.28,519.72,Damage
46,URBAN PETS / MOTERA,2025-10-28,9503,Knotted Ball Natural Rubber 10cm,,5.000,396.31,895.00,895.00,18,356.68,2338.23,Damage
46,URBAN PETS / MOTERA,2025-10-28,9540,Lion Plush 20 cm,,1.000,464.18,995.00,995.00,18,83.56,547.74,Damage
46,URBAN PETS / MOTERA,2025-10-28,7444,Love Chip 60 gm,2026-01-25,3.000,198.09,425.00,425.00,18,106.96,701.24,Damage
46,URBAN PETS / MOTERA,2025-10-28,9457,Natural Rubber Ball For Dogs,,2.000,245.70,575.00,575.00,18,88.44,579.83,Damage
46,URBAN PETS / MOTERA,2025-10-28,6937,Neko Cat Spiral Soft Chicken and Fish,2026-09-04,1.000,116.10,249.00,249.00,18,20.90,137.00,Damage
46,URBAN PETS / MOTERA,2025-10-28,9791,Orbee Tuff Planet Ball Blue/Green Medium,,1.000,862.28,1850.00,1850.00,18,155.22,1017.50,Damage
46,URBAN PETS / MOTERA,2025-10-28,9797,Orbee Tuff Strobe Ball Blue dia 3 inch,,1.000,1069.71,2295.00,2295.00,18,192.54,1262.25,Damage
46,URBAN PETS / MOTERA,2025-10-28,9478,Rugby Ball Latex 11 Cm,,1.000,181.60,425.00,425.00,18,32.68,214.28,Damage
46,URBAN PETS / MOTERA,2025-10-28,10780,Savic Nestor Cat Toilet Home Nordic Blue 22 X 15 X 15 Inches,,1.000,1095.34,2350.00,2350.00,18,197.16,1292.50,Damage
46,URBAN PETS / MOTERA,2025-10-28,331,Savic Rincon Corner Cat Litter Tray+Rim Cold Grey 23x18x5 inch,,1.000,582.62,1250.00,1250.00,18,104.88,687.50,Damage
46,URBAN PETS / MOTERA,2025-10-28,10760,Sea World Treats 80 gm,2025-05-25,4.000,92.75,199.00,199.00,18,66.78,437.78,Damage
46,URBAN PETS / MOTERA,2025-10-28,9363,Sporting Jumper Thermoplastic Rubber 9 Cm,,2.000,407.84,875.00,875.00,18,146.82,962.50,Damage
46,URBAN PETS / MOTERA,2025-10-28,316,Trixie Berto Litter Tray Three Part With Separating System-Dark Grey,,3.000,940.00,2200.00,2200.00,18,507.60,3327.60,Damage
46,URBAN PETS / MOTERA,2025-10-28,10777,Trixie Massage brush polyester-silicone - TPR 11x14cm,,2.000,337.92,725.00,725.00,18,121.66,797.49,Damage
46,URBAN PETS / MOTERA,2025-10-28,10758,Trixie Premio Chicken Hearts Mit hunn 100 gm,2026-11-25,7.000,139.36,299.00,299.00,18,175.60,1151.11,Damage
46,URBAN PETS / MOTERA,2025-10-28,10768,Trixie Premio Chicken Mini Sticks 50 gm,2025-09-28,1.000,90.89,195.00,195.00,18,16.36,107.25,Damage
46,URBAN PETS / MOTERA,2025-10-28,10785,Trixie Premio Duck Hearts 50gm,2026-03-10,3.000,90.89,195.00,195.00,18,49.08,321.75,Damage
46,URBAN PETS / MOTERA,2025-10-28,7683,Twistix Peanut  and  Carob Large 156gm,2025-11-01,2.000,183.14,449.00,449.00,18,65.94,432.21,Damage
45,URBAN PETS / MOTERA,2025-03-31,10965,Andis DBLC-2 Pulse ZR II Clipper - Wild,,1.000,32400.00,54000.00,54000.00,18,5832.00,38232.00,Wastage
44,URBAN PETS / MOTERA,2025-03-31,7085,Supercoat Puppy 10 kgs,2025-04-30,3.000,2305.08,3400.00,3400.00,18,1244.74,8159.98,Wastage
43,URBAN PETS / MOTERA,2025-03-31,7085,Supercoat Puppy 10 kgs,2025-04-30,3.000,2305.08,3400.00,3400.00,18,1244.74,8159.98,Wastage
42,URBAN PETS / MOTERA,2025-03-31,8084,Automatic Food Dispenser 5X0.24 L 33X5X36cm White/Grey,,1.000,2913.15,6250.00,6250.00,18,524.36,3437.51,Wastage
42,URBAN PETS / MOTERA,2025-03-31,2455,Bio-Groom Crisp Apple Natural Scents Gallon,2031-04-09,3.000,4290.00,7150.00,7150.00,18,2316.60,15186.60,Wastage
42,URBAN PETS / MOTERA,2025-03-31,7773,Himalaya Puppy Chicken and Rice 20KG,2025-01-28,1.000,3030.49,4470.00,4470.00,18,545.48,3575.97,Wastage
42,URBAN PETS / MOTERA,2025-03-31,5316,KD D20 Premium Nylon Brass Chain Set No.1 4 MM,,3.000,1573.09,3375.00,3375.00,18,849.46,5568.74,Wastage
42,URBAN PETS / MOTERA,2025-03-31,10388,lozalo volumizing shampoo 5 ltre,2026-06-30,16.000,1887.30,4499.00,4499.00,18,5435.42,35632.22,Wastage
42,URBAN PETS / MOTERA,2025-03-31,9146,M-Pets Foldable Puppy Pen Small,,1.000,2224.58,5250.00,5250.00,18,400.42,2625.00,Wastage
42,URBAN PETS / MOTERA,2025-03-31,284,Smartypet Cage 42 inch,,1.000,5084.75,12000.00,12000.00,18,915.26,6000.01,Wastage
42,URBAN PETS / MOTERA,2025-03-31,293,Smartypet Plastic Pet Carrier L-120,,1.000,19279.66,45500.00,45500.00,18,3470.34,22750.00,Wastage
41,URBAN PETS / MOTERA,2025-03-31,2455,Bio-Groom Crisp Apple Natural Scents Gallon,2031-02-08,9.000,4290.00,7150.00,7150.00,18,6949.80,45559.80,Wastage
14,URBAN PETS / MOTERA,2024-03-02,ITEM01,Pet Care Item,,62.000,467.92,717.80,717.80,18,5222.04,34233.38,Wastage
13,URBAN PETS / MOTERA,2024-03-01,ITEM01,Pet Care Item,,81.000,420.52,645.08,645.08,18,6131.25,40193.75,Damage
12,URBAN PETS / MOTERA,2024-03-01,ITEM01,Pet Care Item,,32.000,353.10,541.66,541.66,18,2033.87,13333.17,Wastage
52,URBANPETS SERVICES PRIVATE LIMITED,2026-01-31,7726,BOL Multivitamin Immunity Chewstix 100gm,2025-09-30,5.000,140.00,250.00,250.00,18,126.00,826.00,Wastage
52,URBANPETS SERVICES PRIVATE LIMITED,2026-01-31,10111,C De- Sheddining Dog Shampoo 375ml,2025-11-30,1.000,220.34,525.00,525.00,5,11.02,231.36,Wastage
52,URBANPETS SERVICES PRIVATE LIMITED,2026-01-31,7181,Canine Creek Adult 3 kg,2025-08-30,1.000,1364.40,2300.00,2300.00,18,245.60,1610.00,Wastage
52,URBANPETS SERVICES PRIVATE LIMITED,2026-01-31,7180,Canine Creek Puppy 4 kg,2025-07-30,1.000,1453.38,2450.00,2450.00,18,261.62,1715.00,Wastage
52,URBANPETS SERVICES PRIVATE LIMITED,2026-01-31,7433,Cheese Milky Chew Chicken Bone Style 10 Pcs,2026-05-31,5.000,181.78,390.00,390.00,18,163.60,1072.50,Wastage
52,URBANPETS SERVICES PRIVATE LIMITED,2026-01-31,7447,Chicken Bacon Bone BBQ,2025-08-21,4.000,202.75,435.00,435.00,18,145.98,956.98,Wastage
52,URBANPETS SERVICES PRIVATE LIMITED,2026-01-31,7447,Chicken Bacon Bone BBQ,2025-08-21,3.000,202.75,435.00,435.00,18,109.48,717.74,Wastage
52,URBANPETS SERVICES PRIVATE LIMITED,2026-01-31,10071,Clindawel Injection,2025-07-30,30.000,85.00,127.00,127.00,5,127.50,2677.50,Wastage
52,URBANPETS SERVICES PRIVATE LIMITED,2026-01-31,11710,furcat eye drops 10 ml,2026-03-30,8.000,139.29,182.81,182.81,5,55.72,1170.04,Wastage
52,URBANPETS SERVICES PRIVATE LIMITED,2026-01-31,7523,GN 2.5 Inch Small Braid 220G,2025-12-24,1.000,195.76,385.00,385.00,18,35.24,231.00,Wastage
52,URBANPETS SERVICES PRIVATE LIMITED,2026-01-31,10073,Hydrating Dog Shampoo 375 ml -  aloevera and cucumber,2025-08-30,1.000,220.34,525.00,525.00,5,11.02,231.36,Wastage
52,URBANPETS SERVICES PRIVATE LIMITED,2026-01-31,10413,Ivtraz Shampoo 200ml,2025-07-30,4.000,250.00,350.00,350.00,5,50.00,1050.00,Wastage
52,URBANPETS SERVICES PRIVATE LIMITED,2026-01-31,7682,JH 100G Banana,2024-08-15,1.000,138.82,260.00,260.00,18,24.98,163.80,Wastage
52,URBANPETS SERVICES PRIVATE LIMITED,2026-01-31,7400,JH 70G Chicken Jerky,2025-12-01,1.000,102.90,210.00,210.00,18,18.52,121.42,Wastage
52,URBANPETS SERVICES PRIVATE LIMITED,2026-01-31,7762,JH 70g Morning Time Stick,2024-12-08,2.000,101.20,199.00,199.00,18,36.42,238.81,Wastage
52,URBANPETS SERVICES PRIVATE LIMITED,2026-01-31,7667,JH Duo Stick Milky Banana Stick 50G,2025-05-30,1.000,101.18,199.00,199.00,18,18.22,119.40,Wastage
52,URBANPETS SERVICES PRIVATE LIMITED,2026-01-31,7777,JH Meat as Meals Chicken Pumpkin 45gm,2025-11-18,1.000,66.16,135.00,135.00,18,11.90,78.06,Wastage
52,URBANPETS SERVICES PRIVATE LIMITED,2026-01-31,10181,JH Meat as meals chicken pumpkin 500 gm,2025-04-30,1.000,586.75,1099.00,1099.00,18,105.62,692.37,Wastage
52,URBANPETS SERVICES PRIVATE LIMITED,2026-01-31,10830,JH Stick 400gm,2025-08-30,1.000,505.94,995.00,995.00,18,91.06,597.00,Wastage
52,URBANPETS SERVICES PRIVATE LIMITED,2026-01-31,6938,Kittos Sunfish and Chicken Twirls Cat Treat 35 gm,2025-03-11,3.000,58.26,125.00,125.00,18,31.46,206.24,Wastage
52,URBANPETS SERVICES PRIVATE LIMITED,2026-01-31,6950,Kitty Licks Chicken Flavor Pack of 4 Tubes,2025-10-15,1.000,62.93,135.00,135.00,18,11.32,74.25,Wastage
52,URBANPETS SERVICES PRIVATE LIMITED,2026-01-31,7442,Love Stick 10pcs,2025-07-10,3.000,198.09,425.00,425.00,18,106.96,701.24,Wastage
52,URBANPETS SERVICES PRIVATE LIMITED,2026-01-31,7137,N and D GF PKN CP Starter Puppy 800GM,2027-01-15,8.000,640.68,1050.00,1050.00,18,922.58,6048.02,Wastage
52,URBANPETS SERVICES PRIVATE LIMITED,2026-01-31,9672,NATLIFE 30ML,2025-05-30,3.000,203.40,480.00,480.00,18,109.84,720.04,Wastage
52,URBANPETS SERVICES PRIVATE LIMITED,2026-01-31,7950,NOMOTICKS Body Spray 175 ml,2025-08-30,6.000,275.42,650.00,650.00,5,82.62,1735.15,Wastage
52,URBANPETS SERVICES PRIVATE LIMITED,2026-01-31,11369,Petkin Mega Value Oatmeal Petwipes - 200 Wipes,2028-05-02,1.000,582.62,1250.00,1250.00,5,29.14,611.76,Wastage
52,URBANPETS SERVICES PRIVATE LIMITED,2026-01-31,10791,Pooch Acepron Tab.,2025-04-30,5.000,81.40,120.00,120.00,5,20.36,427.35,Wastage
52,URBANPETS SERVICES PRIVATE LIMITED,2026-01-31,10657,Ruminfla DL Act Spary 100ml,2024-12-30,11.000,114.50,160.00,160.00,5,62.98,1322.48,Wastage
52,URBANPETS SERVICES PRIVATE LIMITED,2026-01-31,11376,Sava Kynetra - 30 Tab,2026-11-30,1.000,244.07,400.00,400.00,5,12.20,256.27,Wastage
52,URBANPETS SERVICES PRIVATE LIMITED,2026-01-31,10760,Sea World Treats 80 gm,2025-05-25,3.000,92.75,199.00,199.00,18,50.08,328.34,Wastage
52,URBANPETS SERVICES PRIVATE LIMITED,2026-01-31,6978,SH Power Pack Adult 3 Kg,2025-12-30,1.000,704.73,1155.00,1155.00,18,126.86,831.59,Wastage
52,URBANPETS SERVICES PRIVATE LIMITED,2026-01-31,7296,SH- Creamy Dog Treat Chicken and Pumpkin 60 gm,2026-01-18,4.000,59.32,100.00,100.00,18,42.72,279.99,Wastage
52,URBANPETS SERVICES PRIVATE LIMITED,2026-01-31,10708,Snookie Dental Stix Calcium Milk Flavour 220gm,2025-08-30,3.000,110.00,375.00,375.00,18,59.40,389.40,Wastage
52,URBANPETS SERVICES PRIVATE LIMITED,2026-01-31,10708,Snookie Dental Stix Calcium Milk Flavour 220gm,2025-08-30,4.000,110.00,375.00,375.00,18,79.20,519.20,Wastage
52,URBANPETS SERVICES PRIVATE LIMITED,2026-01-31,10708,Snookie Dental Stix Calcium Milk Flavour 220gm,2025-08-30,2.000,110.00,375.00,375.00,18,39.60,259.60,Wastage
52,URBANPETS SERVICES PRIVATE LIMITED,2026-01-31,10709,Snookie Dental Stix Chicken Flavour 220gm,2025-08-30,2.000,110.00,375.00,375.00,18,39.60,259.60,Wastage
52,URBANPETS SERVICES PRIVATE LIMITED,2026-01-31,10859,Snookie Dental Stix Seaweed  Flavour 220gm,2025-08-30,4.000,110.00,375.00,375.00,18,79.20,519.20,Wastage
52,URBANPETS SERVICES PRIVATE LIMITED,2026-01-31,10859,Snookie Dental Stix Seaweed  Flavour 220gm,2025-08-30,2.000,110.00,375.00,375.00,18,39.60,259.60,Wastage
52,URBANPETS SERVICES PRIVATE LIMITED,2026-01-31,7709,Super Bone Olive Oil Stick 9Pcs.,2025-10-30,2.000,296.61,350.00,350.00,18,106.78,700.00,Wastage
52,URBANPETS SERVICES PRIVATE LIMITED,2026-01-31,7709,Super Bone Olive Oil Stick 9Pcs.,2025-10-30,3.000,296.61,350.00,350.00,18,160.16,1050.00,Wastage
52,URBANPETS SERVICES PRIVATE LIMITED,2026-01-31,6930,TEMP Tuna 85G,2025-11-27,3.000,95.34,150.00,150.00,18,51.48,337.50,Wastage
52,URBANPETS SERVICES PRIVATE LIMITED,2026-01-31,10884,Virbac Vet HPM Baby Dog Large and Medium 3 KG,2025-12-30,3.000,1881.36,3200.00,3200.00,18,1015.94,6660.01,Wastage
52,URBANPETS SERVICES PRIVATE LIMITED,2026-01-31,10883,Virbac Vet HPM Junior Dog Special Medium 3 KG,2025-10-30,1.000,1881.36,3200.00,3200.00,18,338.64,2220.00,Wastage
52,URBANPETS SERVICES PRIVATE LIMITED,2026-01-31,10701,Vivaldis Atovaquin Tab 25,2025-10-30,1.000,756.00,1250.00,1250.00,5,37.80,793.80,Wastage
51,URBANPETS SERVICES PRIVATE LIMITED,2026-01-31,3084,Beaphar HD Tablets 60 tab,2025-06-30,1.000,699.17,1100.00,1100.00,18,125.84,825.01,Damage
51,URBANPETS SERVICES PRIVATE LIMITED,2026-01-31,2428,Bio Groom Crisp Apple Shampoo 355 ml,2025-09-30,2.000,600.00,1275.00,1275.00,5,60.00,1260.00,Damage
51,URBANPETS SERVICES PRIVATE LIMITED,2026-01-31,2843,CETZINE Tablets,2025-06-30,5.000,22.50,31.50,31.50,5,5.62,118.13,Damage
51,URBANPETS SERVICES PRIVATE LIMITED,2026-01-31,6880,Friskies Seafood 2.5 KG,2025-10-10,1.000,762.72,1125.00,1125.00,18,137.28,900.00,Damage
51,URBANPETS SERVICES PRIVATE LIMITED,2026-01-31,2894,Intacef Tazo Injection,2025-08-30,9.000,50.09,85.00,85.00,5,22.54,473.35,Damage
51,URBANPETS SERVICES PRIVATE LIMITED,2026-01-31,2870,INTAS CEFPET TABLET,2025-09-30,4.000,11.28,19.50,19.50,5,2.26,47.38,Damage
51,URBANPETS SERVICES PRIVATE LIMITED,2026-01-31,6037,MELOCAN S SYRUP 30ml,2025-10-30,3.000,66.96,150.00,150.00,5,10.04,210.92,Damage
51,URBANPETS SERVICES PRIVATE LIMITED,2026-01-31,1944,N and D GF PKN CP Puppy Mini 2.5 KG,2024-08-30,1.000,1620.76,2550.00,2550.00,18,291.74,1912.50,Damage
51,URBANPETS SERVICES PRIVATE LIMITED,2026-01-31,3038,Nephroways Syrup,2025-05-30,15.000,183.05,300.00,300.00,18,494.24,3239.99,Damage
51,URBANPETS SERVICES PRIVATE LIMITED,2026-01-31,3066,Pilpan 40mg Inj,2025-05-30,13.000,12.60,56.50,56.50,5,8.20,171.99,Damage
51,URBANPETS SERVICES PRIVATE LIMITED,2026-01-31,3066,Pilpan 40mg Inj,2024-09-30,35.000,12.60,55.34,55.34,5,22.06,463.05,Damage
51,URBANPETS SERVICES PRIVATE LIMITED,2026-01-31,3066,Pilpan 40mg Inj,2025-05-30,10.000,12.60,55.34,55.34,5,6.30,132.30,Damage
51,URBANPETS SERVICES PRIVATE LIMITED,2026-01-31,820,Royal Canin Persian adult 2KG,2026-01-01,1.000,1716.10,2500.00,2500.00,18,308.90,2025.00,Damage
51,URBANPETS SERVICES PRIVATE LIMITED,2026-01-31,820,Royal Canin Persian adult 2KG,2026-01-01,1.000,1716.10,2500.00,2500.00,18,308.90,2025.00,Damage
51,URBANPETS SERVICES PRIVATE LIMITED,2026-01-31,5954,RR Safron Tablet 60Tab,2024-11-30,9.000,200.00,280.00,280.00,5,90.00,1890.00,Damage
51,URBANPETS SERVICES PRIVATE LIMITED,2026-01-31,2800,SAVA BIOCLAN 600 MG TABLET,2025-11-30,2.000,198.86,290.00,290.00,5,19.88,417.61,Damage
51,URBANPETS SERVICES PRIVATE LIMITED,2026-01-31,3003,Sulbenz-Pet 200ml,2025-04-30,5.000,236.25,420.00,420.00,5,59.06,1240.31,Damage
51,URBANPETS SERVICES PRIVATE LIMITED,2026-01-31,6928,TEMP Seafood Medley 85G,2025-11-28,1.000,95.34,150.00,150.00,18,17.16,112.50,Damage
51,URBANPETS SERVICES PRIVATE LIMITED,2026-01-31,6928,TEMP Seafood Medley 85G,2025-11-28,3.000,95.34,150.00,150.00,18,51.48,337.50,Damage
51,URBANPETS SERVICES PRIVATE LIMITED,2026-01-31,2457,TOPICURE SPRAY 75 ML,2025-09-30,5.000,120.54,270.00,270.00,5,30.14,632.84,Damage
51,URBANPETS SERVICES PRIVATE LIMITED,2026-01-31,2947,TTK Dermspot Spoton 4 Pipettes,2025-12-30,8.000,610.17,1000.00,1000.00,5,244.06,5125.43,Damage
51,URBANPETS SERVICES PRIVATE LIMITED,2026-01-31,4149,Twistix Pumpkin Small 50 sticks,2025-12-30,3.000,743.43,1595.00,1595.00,18,401.46,2631.74,Damage
51,URBANPETS SERVICES PRIVATE LIMITED,2026-01-31,5992,VITEX Vieotic Ear Cleanze,2025-11-30,1.000,183.05,270.00,270.00,5,9.16,192.21,Damage
51,URBANPETS SERVICES PRIVATE LIMITED,2026-01-31,2828,Vivaldis Calowries 150gms,2025-07-30,4.000,220.00,400.00,400.00,18,158.40,1038.40,Damage
51,URBANPETS SERVICES PRIVATE LIMITED,2026-01-31,3114,Zoetis Pet Tabs 60 Tab,2025-08-30,1.000,600.00,1093.00,1093.00,18,108.00,708.00,Damage
40,URBANPETS SERVICES PRIVATE LIMITED,2025-01-28,2999,Renodis,2025-12-30,5.000,392.86,550.00,550.00,12,235.72,2200.02,Wastage
40,URBANPETS SERVICES PRIVATE LIMITED,2025-01-28,6128,SAVA FELINTRA SYRUP 60 ML,2024-10-30,7.000,176.78,275.00,275.00,12,148.50,1385.96,Wastage
40,URBANPETS SERVICES PRIVATE LIMITED,2025-01-28,2926,Vivaldis Relaxzyme Tablet,2099-12-12,7.000,1199.26,1900.00,1900.00,18,1511.06,9905.89,Wastage
39,URBANPETS SERVICES PRIVATE LIMITED,2025-01-28,3018,Cardiopet 5 mg,2025-04-30,814.000,45.58,90.00,90.00,12,4452.26,41554.37,Damage
38,URBANPETS SERVICES PRIVATE LIMITED,2025-01-27,10396,Augmentin Duo Syrup 30ml,2024-10-30,3.000,46.79,67.54,67.54,12,16.84,157.21,Damage
38,URBANPETS SERVICES PRIVATE LIMITED,2025-01-27,10605,BOL Dog Pillows Hip & Joint 100gm,2024-11-30,2.000,127.00,250.00,250.00,18,45.72,299.72,Damage
38,URBANPETS SERVICES PRIVATE LIMITED,2025-01-27,10603,BOL Dog Pillows Weight Control 100gm,2024-11-30,1.000,127.00,250.00,250.00,18,22.86,149.86,Damage
38,URBANPETS SERVICES PRIVATE LIMITED,2025-01-27,7655,JerHigh Gravy Chicken Vegetable 120G,2024-05-30,6.000,40.34,70.00,70.00,18,43.56,285.61,Damage
38,URBANPETS SERVICES PRIVATE LIMITED,2025-01-27,7655,JerHigh Gravy Chicken Vegetable 120G,2024-05-30,12.000,40.34,70.00,70.00,18,87.14,571.21,Damage
38,URBANPETS SERVICES PRIVATE LIMITED,2025-01-27,10183,JH Meat as meals salmon  500gm,2024-12-30,1.000,586.75,1099.00,1099.00,18,105.62,692.37,Damage
38,URBANPETS SERVICES PRIVATE LIMITED,2025-01-27,5987,WG WIGCLAV 250 MG,2024-09-30,1.000,8.66,16.50,16.50,12,1.04,9.70,Damage
38,URBANPETS SERVICES PRIVATE LIMITED,2025-01-27,5986,WG-WIGCLAVE 500MG,2024-08-30,94.000,12.06,23.00,23.00,12,136.04,1269.68,Damage
37,URBANPETS SERVICES PRIVATE LIMITED,2025-01-27,5995,Komlinz 600mg Tab,2024-05-31,48.000,84.00,142.00,142.00,12,483.84,4515.84,Damage
37,URBANPETS SERVICES PRIVATE LIMITED,2025-01-27,3204,MegaFlex 250 gms,2024-10-30,1.000,722.83,1066.00,1066.00,18,130.10,852.93,Damage
37,URBANPETS SERVICES PRIVATE LIMITED,2025-01-27,4076,NP Mix Veg 550G (S),2024-09-30,1.000,106.00,250.00,250.00,18,19.08,125.08,Damage
37,URBANPETS SERVICES PRIVATE LIMITED,2025-01-27,3043,Pet Joint Plus,2023-12-30,1.000,804.84,1350.00,1350.00,18,144.86,949.70,Damage
37,URBANPETS SERVICES PRIVATE LIMITED,2025-01-27,1978,Vet Life Dog Struvite Management 2 Kg,2024-09-30,2.000,1461.86,2300.00,2300.00,18,526.28,3450.01,Damage
37,URBANPETS SERVICES PRIVATE LIMITED,2025-01-27,5987,WG WIGCLAV 250 MG,2024-10-30,53.000,8.66,16.50,16.50,12,55.08,514.06,Damage
37,URBANPETS SERVICES PRIVATE LIMITED,2025-01-27,5986,WG-WIGCLAVE 500MG,2024-07-30,4.000,12.06,23.00,23.00,12,5.78,54.03,Damage
36,URBANPETS SERVICES PRIVATE LIMITED,2025-01-27,7325,COBALAZORB 60 CAPSULES,2099-12-12,9.000,1087.32,1980.00,1980.00,18,1761.46,11547.34,Damage
36,URBANPETS SERVICES PRIVATE LIMITED,2025-01-27,5983,CYSTOPRO 120 CAPSULES (HPMC),2099-12-12,4.000,3289.42,5990.00,5990.00,18,2368.38,15526.06,Damage
36,URBANPETS SERVICES PRIVATE LIMITED,2025-01-27,3028,ENTERO SECURE BD  Tablets,2099-12-12,16.000,109.00,230.00,230.00,18,313.92,2057.92,Damage
36,URBANPETS SERVICES PRIVATE LIMITED,2025-01-27,2918,Folrex 150ml,2099-12-12,2.000,854.00,1750.00,1750.00,18,307.44,2015.44,Damage
36,URBANPETS SERVICES PRIVATE LIMITED,2025-01-27,9768,Hiking Harness -L / Camaouflage,,1.000,1260.60,2975.00,2975.00,18,226.90,1487.50,Damage
36,URBANPETS SERVICES PRIVATE LIMITED,2025-01-27,10848,M and K Adult Dog Food 12 Kg,2026-07-30,1.000,5338.15,6299.00,6299.00,18,960.86,6299.01,Damage
36,URBANPETS SERVICES PRIVATE LIMITED,2025-01-27,10739,M and K Puppy Dog Food 12 Kg,2025-08-30,1.000,5846.62,6899.00,6899.00,18,1052.38,6899.00,Damage
36,URBANPETS SERVICES PRIVATE LIMITED,2025-01-27,7128,N and D Quin Dog GF Skin Coat Quail Adult 2.5Kg,2025-04-30,1.000,2192.80,3450.00,3450.00,18,394.70,2587.50,Damage
36,URBANPETS SERVICES PRIVATE LIMITED,2025-01-27,2836,Notix P Talc 100gm,2099-12-12,15.000,146.42,250.00,250.00,12,263.56,2459.86,Damage
36,URBANPETS SERVICES PRIVATE LIMITED,2025-01-27,3176,ProviBoost Drops 15 ml,2099-12-12,123.000,62.00,140.00,140.00,18,1372.68,8998.68,Damage
36,URBANPETS SERVICES PRIVATE LIMITED,2025-01-27,2862,Ridd Liquid 60 ml,2099-12-12,21.000,333.35,600.00,600.00,12,840.04,7840.39,Damage
36,URBANPETS SERVICES PRIVATE LIMITED,2025-01-27,7053,Royal Canin Maxi Puppy 4 kg,2024-02-02,1.000,2539.84,3800.00,3800.00,18,457.16,2997.00,Damage
36,URBANPETS SERVICES PRIVATE LIMITED,2025-01-27,7859,Sava Kiwof Plus Xl,2024-09-30,636.000,76.18,118.50,118.50,12,5814.06,54264.54,Damage
36,URBANPETS SERVICES PRIVATE LIMITED,2025-01-27,6967,SH Gravy Chicken Puppy 80GM,2026-01-30,12.000,25.76,40.00,40.00,18,55.64,364.76,Damage
36,URBANPETS SERVICES PRIVATE LIMITED,2025-01-27,7252,Supercoat Adult 10Kg,2025-10-25,1.000,2155.94,3180.00,3180.00,18,388.06,2544.00,Damage
36,URBANPETS SERVICES PRIVATE LIMITED,2025-01-27,2512,TTK Hug N Wag Quick Bath 10S,2099-12-12,30.000,127.11,250.00,250.00,18,686.40,4499.69,Damage
36,URBANPETS SERVICES PRIVATE LIMITED,2025-01-27,3004,Venlyte Pet 30gm,2099-12-12,67.000,19.93,40.00,40.00,18,240.36,1575.67,Damage
36,URBANPETS SERVICES PRIVATE LIMITED,2025-01-27,3026,Worex Suspension 15 ml,2099-12-12,22.000,59.38,110.00,110.00,12,156.76,1463.12,Damage
35,URBANPETS SERVICES PRIVATE LIMITED,2024-04-26,7767,Love Snack Chicken Wings,2025-11-01,2.000,137.50,295.00,295.00,18,49.50,324.50,Theft
35,URBANPETS SERVICES PRIVATE LIMITED,2024-04-26,6937,Neko Cat Spiral Soft Chicken and Fish,2099-12-12,4.000,94.00,220.00,220.00,18,67.68,443.68,Theft
34,URBANPETS SERVICES PRIVATE LIMITED,2024-04-26,9681,6863 Plush Jumball (M) Red Bull,,1.000,535.26,1199.00,1199.00,12,64.24,599.50,Damage
34,URBANPETS SERVICES PRIVATE LIMITED,2024-04-26,476,Andis Nail Clipper Large Lime Green,,2.000,553.32,1295.00,1295.00,18,199.20,1305.84,Damage
34,URBANPETS SERVICES PRIVATE LIMITED,2024-04-26,9218,Be Nordic Fohr Bed Square 100X80 cm Dark,,2.000,570.98,1225.00,1225.00,18,205.54,1347.49,Damage
34,URBANPETS SERVICES PRIVATE LIMITED,2024-04-26,9692,H22C153-Holiday Crackless Christmas Tree,,1.000,572.04,1350.00,1350.00,18,102.96,675.00,Damage
34,URBANPETS SERVICES PRIVATE LIMITED,2024-04-26,9690,H22D114-Holdiday Wild Knots Bear Assorted - Medium/Large,,1.000,550.42,1299.00,1299.00,18,99.08,649.50,Damage
34,URBANPETS SERVICES PRIVATE LIMITED,2024-04-26,9690,H22D114-Holdiday Wild Knots Bear Assorted - Medium/Large,,2.000,550.42,1299.00,1299.00,18,198.16,1298.99,Damage
34,URBANPETS SERVICES PRIVATE LIMITED,2024-04-26,7335,Himalaya Mobility Plus Tab,2099-12-12,2.000,548.64,975.00,975.00,18,197.52,1294.79,Damage
34,URBANPETS SERVICES PRIVATE LIMITED,2024-04-26,8913,KD E23 Premium Chain Lead No.1 4 MM 1-1/4 Inch 30 Inch,,1.000,570.96,1225.00,1225.00,18,102.78,673.74,Damage
34,URBANPETS SERVICES PRIVATE LIMITED,2024-04-26,3186,Kiltix Collar Large Size,2026-10-31,5.000,531.90,840.00,840.00,12,319.14,2978.64,Damage
34,URBANPETS SERVICES PRIVATE LIMITED,2024-04-26,3186,Kiltix Collar Large Size,2026-10-31,1.000,531.91,840.00,840.00,12,63.82,595.73,Damage
34,URBANPETS SERVICES PRIVATE LIMITED,2024-04-26,7206,N and D GF PKN CP Puppy Mini 800 GM,2099-12-12,2.000,527.98,890.00,890.00,18,190.06,1246.01,Damage
34,URBANPETS SERVICES PRIVATE LIMITED,2024-04-26,1396,Petaholic Checkers Sweater Size 16 To 20,,1.000,524.99,1180.00,1180.00,5,26.26,551.25,Damage
34,URBANPETS SERVICES PRIVATE LIMITED,2024-04-26,8465,Premium Leash L-XL 1.00M/25MM  Black,,2.000,566.16,1325.00,1325.00,18,203.82,1336.14,Damage
34,URBANPETS SERVICES PRIVATE LIMITED,2024-04-26,8918,Premium Touring Harness S 35-65CM/20MM Red,,1.000,524.36,1125.00,1125.00,18,94.38,618.74,Damage
34,URBANPETS SERVICES PRIVATE LIMITED,2024-04-26,8645,Premium Touring Harness S-M 40-70cm/20mm Black,,1.000,524.36,1150.00,1150.00,18,94.38,618.74,Damage
34,URBANPETS SERVICES PRIVATE LIMITED,2024-04-26,8645,Premium Touring Harness S-M 40-70cm/20mm Black,,1.000,524.36,1150.00,1150.00,18,94.38,618.74,Damage
34,URBANPETS SERVICES PRIVATE LIMITED,2024-04-26,8964,Protective E- Collar With Velcro XS 18-23 Cm 8cm,,2.000,534.11,1250.00,1250.00,18,192.28,1260.50,Damage
34,URBANPETS SERVICES PRIVATE LIMITED,2024-04-26,3906,PW Bomb Durable Treat Toy Red,,1.000,558.85,1199.00,1199.00,18,100.60,659.45,Damage
34,URBANPETS SERVICES PRIVATE LIMITED,2024-04-26,9842,Turbinio ball with motor and mouse 9 cm,,1.000,556.79,1195.00,1195.00,18,100.22,657.01,Damage
34,URBANPETS SERVICES PRIVATE LIMITED,2024-04-26,9035,Turtle Animal Sound Plush 40cm,,1.000,537.94,1195.00,1195.00,12,64.56,602.50,Damage
34,URBANPETS SERVICES PRIVATE LIMITED,2024-04-26,8771,ZD Bart Simpson Collar (Large),,1.000,558.85,1199.00,1199.00,18,100.60,659.45,Damage
34,URBANPETS SERVICES PRIVATE LIMITED,2024-04-26,8762,ZeeDog Neopro Amazonia Collar Large,,1.000,558.85,1199.00,1199.00,18,100.60,659.45,Damage
33,URBANPETS SERVICES PRIVATE LIMITED,2024-04-19,7420,Drools Absolute Calcium Sausage 32 Pcs,2099-12-12,1.000,480.00,960.00,960.00,18,0.00,480.00,Wastage
33,URBANPETS SERVICES PRIVATE LIMITED,2024-04-19,9159,KD C40 Brass Choke Chain No.0.5MM 28 Inch,,1.000,765.00,1530.00,1530.00,18,137.70,902.70,Wastage
33,URBANPETS SERVICES PRIVATE LIMITED,2024-04-19,6835,Me-O Persian Cat 2.8KG,2099-12-12,1.000,587.72,950.00,950.00,18,105.78,693.50,Wastage
33,URBANPETS SERVICES PRIVATE LIMITED,2024-04-19,2713,Simple Solution Disposable Diapers Medium,2099-12-12,1.000,582.98,1295.00,1295.00,12,69.96,652.94,Wastage
32,URBANPETS SERVICES PRIVATE LIMITED,2024-04-19,10590,Bayer Advocate 2.5ml,2024-04-30,1.000,672.86,942.00,942.00,12,80.74,753.60,Wastage
32,URBANPETS SERVICES PRIVATE LIMITED,2024-04-19,9174,KD C52 Bronze Flat Choke Chain ( Antique ) Medium 22 Inch,,1.000,603.61,1295.00,1295.00,18,108.64,712.25,Wastage
32,URBANPETS SERVICES PRIVATE LIMITED,2024-04-19,8914,KD E0 Premium Nylon Chain Lead No.0 5 MM 1-1/4 Inch 20 Inch,,1.000,580.29,1245.00,1245.00,18,104.46,684.75,Wastage
32,URBANPETS SERVICES PRIVATE LIMITED,2024-04-19,6809,Me-O Mackeral  3KG,2099-12-12,1.000,624.84,1010.00,1010.00,18,112.46,737.30,Wastage
32,URBANPETS SERVICES PRIVATE LIMITED,2024-04-19,3204,MegaFlex 250 gms,2024-07-30,1.000,722.83,1066.00,1066.00,18,130.10,852.93,Wastage
32,URBANPETS SERVICES PRIVATE LIMITED,2024-04-19,9763,Orbee Tuff Planet Ball Blue/ Green Small,,1.000,582.62,1250.00,1250.00,18,104.88,687.50,Wastage
32,URBANPETS SERVICES PRIVATE LIMITED,2024-04-19,3368,TDD13 Dotz Trinagle LG,,1.000,592.80,1399.00,1399.00,18,106.70,699.50,Wastage
32,URBANPETS SERVICES PRIVATE LIMITED,2024-04-19,10102,Toptail Adult Salmon & Chicken 3KG,2024-05-30,1.000,607.00,1060.00,1060.00,18,109.26,716.26,Wastage
32,URBANPETS SERVICES PRIVATE LIMITED,2024-04-19,10180,vetoquinol imidospet 2.5 mg,,1.000,642.86,900.00,900.00,12,77.14,720.00,Wastage
31,URBANPETS SERVICES PRIVATE LIMITED,2024-04-19,10023,Adjustable Stand U Shape M,,1.000,705.36,1580.00,1580.00,12,84.64,790.00,Wastage
31,URBANPETS SERVICES PRIVATE LIMITED,2024-04-19,9600,Carding Groomer Detangle and Thin Medium 8X14 CM,,1.000,715.69,1675.00,1675.00,18,128.82,844.51,Wastage
31,URBANPETS SERVICES PRIVATE LIMITED,2024-04-19,7991,Earthbath Ultra Mild Puppy Grooming Wipes 100ct,2099-12-12,2.000,698.70,1499.00,1499.00,18,251.52,1648.91,Wastage
31,URBANPETS SERVICES PRIVATE LIMITED,2024-04-19,8695,EZRA VEST HARNESS-SIZE M BLUE,,1.000,605.94,1300.00,1300.00,18,109.06,715.00,Wastage
31,URBANPETS SERVICES PRIVATE LIMITED,2024-04-19,8987,Fold Away Tunnel Scratch  and  Hide 24Lx36Wx8H,,1.000,696.83,1495.00,1495.00,18,125.42,822.25,Wastage
31,URBANPETS SERVICES PRIVATE LIMITED,2024-04-19,9158,KD C18 Brass Choke Chain No.1.4MM 28 Inch,,1.000,836.65,1795.00,1795.00,18,150.60,987.25,Wastage
31,URBANPETS SERVICES PRIVATE LIMITED,2024-04-19,9177,KD C34 Bronze Flat Choke Chain ( Antique ) Thick 22 Inch,,1.000,650.21,1395.00,1395.00,18,117.04,767.25,Wastage
31,URBANPETS SERVICES PRIVATE LIMITED,2024-04-19,9179,KD C34 Bronze Flat Choke Chain Nickle Thick 20 Inch,,1.000,650.21,1395.00,1395.00,18,117.04,767.25,Wastage
31,URBANPETS SERVICES PRIVATE LIMITED,2024-04-19,9115,KD D1 Chain No. 1.4MM -60Inch,,1.000,734.11,1575.00,1575.00,18,132.14,866.25,Wastage
31,URBANPETS SERVICES PRIVATE LIMITED,2024-04-19,3974,Kong Classic X Large Toy,,1.000,804.66,1899.00,1899.00,18,144.84,949.50,Wastage
31,URBANPETS SERVICES PRIVATE LIMITED,2024-04-19,5971,Petsmpire A144 Dog Toilet,,1.000,667.39,1125.00,1125.00,18,120.12,787.51,Wastage
31,URBANPETS SERVICES PRIVATE LIMITED,2024-04-19,8466,Premium Leash L-XL 1.00M/25MM  Royal Blue,,1.000,617.58,1325.00,1325.00,18,111.16,728.74,Wastage
31,URBANPETS SERVICES PRIVATE LIMITED,2024-04-19,8659,Premium Touring Harness L 60-100CM/25MM Royal Blue,,1.000,664.18,1425.00,1425.00,18,119.56,783.74,Wastage
31,URBANPETS SERVICES PRIVATE LIMITED,2024-04-19,2715,Simple Solution Disposable Diapers XXL,2099-12-12,1.000,728.25,1695.00,1695.00,12,87.38,815.63,Wastage
31,URBANPETS SERVICES PRIVATE LIMITED,2024-04-19,8455,Trixie Extra Wide Premium Collar L-XXL 55-80CM/50MM  Black,,1.000,696.83,1495.00,1495.00,18,125.42,822.25,Wastage
31,URBANPETS SERVICES PRIVATE LIMITED,2024-04-19,8453,Trixie Extra Wide Premium Collar M-L 40-60CM/50MM Black,,1.000,664.18,1425.00,1425.00,18,119.56,783.74,Wastage
31,URBANPETS SERVICES PRIVATE LIMITED,2024-04-19,4981,Trixie Premium Touring Harness L-Xl 70-100cm/25mm Jet Black,,1.000,710.82,1525.00,1525.00,18,127.94,838.76,Wastage
31,URBANPETS SERVICES PRIVATE LIMITED,2024-04-19,4807,Trixie Silver Reflect Adjustable Leash L-XL 2.0mm / 25mm Black / Silver Grey,,1.000,696.83,1495.00,1495.00,18,125.42,822.25,Wastage
31,URBANPETS SERVICES PRIVATE LIMITED,2024-04-19,8855,ZeeDog Bordeau Leash Small,,1.000,698.69,1499.00,1499.00,18,125.76,824.45,Wastage
31,URBANPETS SERVICES PRIVATE LIMITED,2024-04-19,5737,ZeeDog Parker Leash Small,,1.000,698.69,1499.00,1499.00,18,125.76,824.45,Wastage
30,URBANPETS SERVICES PRIVATE LIMITED,2024-04-19,8948,Assortment Dog Hair Bows Set of 10 pcs,,1.000,722.46,1550.00,1550.00,18,130.04,852.50,Wastage
30,URBANPETS SERVICES PRIVATE LIMITED,2024-04-19,9216,Cooling Mat XL-XXL 100x60 cm Blue,,1.000,1363.35,2925.00,2925.00,18,245.40,1608.75,Wastage
30,URBANPETS SERVICES PRIVATE LIMITED,2024-04-19,5581,EZRA HART HARNESS SIZE 60 ORANGE,,1.000,1141.94,2450.00,2450.00,18,205.56,1347.50,Wastage
30,URBANPETS SERVICES PRIVATE LIMITED,2024-04-19,8689,EZRA HART HARNESS SIZE 65 BLUE,,1.000,1165.26,2500.00,2500.00,18,209.74,1375.00,Wastage
30,URBANPETS SERVICES PRIVATE LIMITED,2024-04-19,9178,KD C18 Brass Choke Chain No.1.4MM 24 Inch,,1.000,836.65,1795.00,1795.00,18,150.60,987.25,Wastage
30,URBANPETS SERVICES PRIVATE LIMITED,2024-04-19,9178,KD C18 Brass Choke Chain No.1.4MM 24 Inch,,1.000,836.65,1795.00,1795.00,18,150.60,987.25,Wastage
30,URBANPETS SERVICES PRIVATE LIMITED,2024-04-19,9157,KD C18 Brass Choke Chain No.1.4MM 26 Inch,,1.000,836.65,1795.00,1795.00,18,150.60,987.25,Wastage
30,URBANPETS SERVICES PRIVATE LIMITED,2024-04-19,9161,KD C42 Brass Choke Chain No.0.5MM 32 Inch,,1.000,927.49,1855.00,1855.00,18,166.96,1094.45,Wastage
30,URBANPETS SERVICES PRIVATE LIMITED,2024-04-19,8938,Ruffwear Front Range Leash Red Sumac Standard,,1.000,1185.84,1999.00,1999.00,18,213.46,1399.30,Wastage
30,URBANPETS SERVICES PRIVATE LIMITED,2024-04-19,7087,Supercoat Adult Healthy Weight 3 kg,2024-04-20,1.000,806.78,1190.00,1190.00,18,145.22,952.00,Wastage
30,URBANPETS SERVICES PRIVATE LIMITED,2024-04-19,8456,Trixie Extra Wide Premium Collar L-XXL 55-80CM/50MM Red,,1.000,696.83,1495.00,1495.00,18,125.42,822.25,Wastage
30,URBANPETS SERVICES PRIVATE LIMITED,2024-04-19,7022,Vet-Pro Obesity 3Kg,2025-10-30,3.000,614.41,1450.00,1450.00,18,331.78,2175.01,Wastage
30,URBANPETS SERVICES PRIVATE LIMITED,2024-04-19,8849,ZeeDog Army Green Air Mesh Harness S,,1.000,791.91,1699.00,1699.00,18,142.54,934.45,Wastage
30,URBANPETS SERVICES PRIVATE LIMITED,2024-04-19,8873,ZeeDog Bliss Air Mesh Harness S,,1.000,791.91,1699.00,1699.00,18,142.54,934.45,Wastage
30,URBANPETS SERVICES PRIVATE LIMITED,2024-04-19,5620,ZeeDog Ella Leash Large,,1.000,838.51,1799.00,1799.00,18,150.94,989.45,Wastage
30,URBANPETS SERVICES PRIVATE LIMITED,2024-04-19,8906,ZeeDog Fritz Air Mesh Harness S,,1.000,791.91,1699.00,1699.00,18,142.54,934.45,Wastage
30,URBANPETS SERVICES PRIVATE LIMITED,2024-04-19,8879,ZeeDog Neon Coral Air Mesh Harness S,,1.000,791.91,1699.00,1699.00,18,142.54,934.45,Wastage
30,URBANPETS SERVICES PRIVATE LIMITED,2024-04-19,5746,ZeeDog Parker Leash Large,,1.000,838.51,1799.00,1799.00,18,150.94,989.45,Wastage
30,URBANPETS SERVICES PRIVATE LIMITED,2024-04-19,5626,ZeeDog Phantom Leash Large,,1.000,838.51,1799.00,1799.00,18,150.94,989.45,Wastage
30,URBANPETS SERVICES PRIVATE LIMITED,2024-04-19,5631,ZeeDog Skull Leash Small,,1.000,698.69,1499.00,1499.00,18,125.76,824.45,Wastage
30,URBANPETS SERVICES PRIVATE LIMITED,2024-04-19,5608,ZeeDog Solarish Leash Large,,1.000,838.51,1799.00,1799.00,18,150.94,989.45,Wastage
30,URBANPETS SERVICES PRIVATE LIMITED,2024-04-19,8903,ZeeDog Ultimate Blue Air Mesh Harness S,,1.000,791.91,1699.00,1699.00,18,142.54,934.45,Wastage
30,URBANPETS SERVICES PRIVATE LIMITED,2024-04-19,8903,ZeeDog Ultimate Blue Air Mesh Harness S,,1.000,791.91,1699.00,1699.00,18,142.54,934.45,Wastage
29,URBANPETS SERVICES PRIVATE LIMITED,2024-04-19,7887,Earthbath Shed Control Shampoo w/green Tea and Awapuhi 16oz,2099-12-12,1.000,815.68,1750.00,1750.00,18,146.82,962.50,Wastage
29,URBANPETS SERVICES PRIVATE LIMITED,2024-04-19,8688,EZRA HART HARNESS SIZE 60 BLUE,,1.000,1141.94,2450.00,2450.00,18,205.56,1347.50,Wastage
29,URBANPETS SERVICES PRIVATE LIMITED,2024-04-19,8688,EZRA HART HARNESS SIZE 60 BLUE,,1.000,1141.94,2450.00,2450.00,18,205.56,1347.50,Wastage
29,URBANPETS SERVICES PRIVATE LIMITED,2024-04-19,5581,EZRA HART HARNESS SIZE 60 ORANGE,,2.000,1141.95,2450.00,2450.00,18,411.10,2695.00,Wastage
29,URBANPETS SERVICES PRIVATE LIMITED,2024-04-19,9157,KD C18 Brass Choke Chain No.1.4MM 26 Inch,,1.000,836.65,1795.00,1795.00,18,150.60,987.25,Wastage
29,URBANPETS SERVICES PRIVATE LIMITED,2024-04-19,9158,KD C18 Brass Choke Chain No.1.4MM 28 Inch,,1.000,836.65,1795.00,1795.00,18,150.60,987.25,Wastage
29,URBANPETS SERVICES PRIVATE LIMITED,2024-04-19,9158,KD C18 Brass Choke Chain No.1.4MM 28 Inch,,1.000,836.65,1795.00,1795.00,18,150.60,987.25,Wastage
29,URBANPETS SERVICES PRIVATE LIMITED,2024-04-19,9160,KD C42 Brass Choke Chain No.0.5MM 30 Inch,,1.000,927.49,1855.00,1855.00,18,166.96,1094.45,Wastage
29,URBANPETS SERVICES PRIVATE LIMITED,2024-04-19,9160,KD C42 Brass Choke Chain No.0.5MM 30 Inch,,1.000,927.49,1855.00,1855.00,18,166.96,1094.45,Wastage
29,URBANPETS SERVICES PRIVATE LIMITED,2024-04-19,3340,Kong Classic Large Toy,,1.000,835.28,1899.00,1899.00,18,150.36,985.64,Wastage
29,URBANPETS SERVICES PRIVATE LIMITED,2024-04-19,3071,Nexgard Dog 10- 25Kg,2099-12-12,2.000,1219.00,4200.00,4200.00,12,292.56,2730.56,Wastage
29,URBANPETS SERVICES PRIVATE LIMITED,2024-04-19,3072,Nexgard Dog 20-50 Kg,2099-12-12,1.000,1393.50,5200.00,5200.00,12,167.22,1560.72,Wastage
29,URBANPETS SERVICES PRIVATE LIMITED,2024-04-19,2956,OPUS LYSINE 100 Cat Paste,2099-12-12,1.000,983.06,1450.00,1450.00,18,176.94,1160.00,Wastage
29,URBANPETS SERVICES PRIVATE LIMITED,2024-04-19,3180,Pro Fiber Dog 500gm Pellets,2099-12-12,3.000,1043.39,1900.00,1900.00,18,563.44,3693.60,Wastage
29,URBANPETS SERVICES PRIVATE LIMITED,2024-04-19,6790,Royal Canin Kitten 2KG,2024-02-03,5.000,1112.03,1620.00,1620.00,18,1000.82,6560.98,Wastage
29,URBANPETS SERVICES PRIVATE LIMITED,2024-04-19,1961,Vet Life Dog Growth 2KG,2099-12-12,1.000,1245.76,2100.00,2100.00,18,224.24,1470.00,Wastage
29,URBANPETS SERVICES PRIVATE LIMITED,2024-04-19,8833,ZeeDog Midnight Air Mesh Harness S,,1.000,791.91,1699.00,1699.00,18,142.54,934.45,Wastage
29,URBANPETS SERVICES PRIVATE LIMITED,2024-04-19,8779,ZeeDog Prisma Air Mesh Harness  M,,1.000,1188.09,2549.00,2549.00,18,213.86,1401.95,Wastage
29,URBANPETS SERVICES PRIVATE LIMITED,2024-04-19,8779,ZeeDog Prisma Air Mesh Harness  M,,1.000,1188.09,2549.00,2549.00,18,213.86,1401.95,Wastage
28,URBANPETS SERVICES PRIVATE LIMITED,2024-04-19,9504,"BE NORDIC Knot Ball On Rope, 8/30 cm",,1.000,202.95,475.00,475.00,18,36.54,239.49,Damage
28,URBANPETS SERVICES PRIVATE LIMITED,2024-04-19,326,E collar 3 No,,5.000,190.68,450.00,450.00,18,171.62,1125.01,Damage
28,URBANPETS SERVICES PRIVATE LIMITED,2024-04-19,326,E collar 3 No,,5.000,190.68,450.00,450.00,18,171.62,1125.01,Damage
28,URBANPETS SERVICES PRIVATE LIMITED,2024-04-19,7470,Goodies Milky Bone Milk Large 12X1,2099-12-12,3.000,190.68,375.00,375.00,18,102.96,675.01,Damage
28,URBANPETS SERVICES PRIVATE LIMITED,2024-04-19,9734,Hd Rope Leash - S,,3.000,190.68,450.00,450.00,18,102.96,675.01,Damage
28,URBANPETS SERVICES PRIVATE LIMITED,2024-04-19,7922,Himalaya Erina Puppy Shampoo Conditioner 2 in 1 200 ml,2099-12-12,3.000,199.01,315.00,315.00,18,107.46,704.50,Damage
28,URBANPETS SERVICES PRIVATE LIMITED,2024-04-19,7444,Love Chip 60 gm,2099-12-12,4.000,161.11,425.00,425.00,18,116.00,760.44,Damage
28,URBANPETS SERVICES PRIVATE LIMITED,2024-04-19,2835,NR Reliflam Spray 75ML,2099-12-12,1.000,192.86,270.00,270.00,12,23.14,216.00,Damage
28,URBANPETS SERVICES PRIVATE LIMITED,2024-04-19,2835,NR Reliflam Spray 75ML,2099-12-12,1.000,192.86,270.00,270.00,12,23.14,216.00,Damage
28,URBANPETS SERVICES PRIVATE LIMITED,2024-04-19,9493,Playing Rope with Balls Latex Cotton Soundless 32cm,,1.000,192.15,425.00,425.00,18,34.58,226.73,Damage
28,URBANPETS SERVICES PRIVATE LIMITED,2024-04-19,7578,Snackers Chicken Jerky 150 Gm,2099-12-12,1.000,193.22,475.00,475.00,18,34.78,228.00,Damage
27,URBANPETS SERVICES PRIVATE LIMITED,2024-04-19,2965,Allergia 30 Tabs,2099-12-12,5.000,220.00,330.00,330.00,18,198.00,1298.00,Wastage
27,URBANPETS SERVICES PRIVATE LIMITED,2024-04-19,9891,AR T-Shirt 16,,1.000,205.10,535.00,535.00,18,36.92,242.02,Wastage
27,URBANPETS SERVICES PRIVATE LIMITED,2024-04-19,9892,AR T-Shirt 18,,1.000,218.34,565.00,565.00,18,39.30,257.64,Wastage
27,URBANPETS SERVICES PRIVATE LIMITED,2024-04-19,9893,AR T-Shirt 20,,1.000,229.94,595.00,595.00,18,41.38,271.32,Wastage
27,URBANPETS SERVICES PRIVATE LIMITED,2024-04-19,8045,Aroma Groom Towel Green,2099-12-12,1.000,211.44,499.00,499.00,18,38.06,249.50,Wastage
27,URBANPETS SERVICES PRIVATE LIMITED,2024-04-19,8047,Aroma Groom Towel Pink/Purple,2099-12-12,1.000,211.44,499.00,499.00,18,38.06,249.50,Wastage
27,URBANPETS SERVICES PRIVATE LIMITED,2024-04-19,7905,Beaphar Black Coat Shampoo 250 ML,2099-12-12,1.000,218.64,430.00,430.00,18,39.36,258.00,Wastage
27,URBANPETS SERVICES PRIVATE LIMITED,2024-04-19,7310,Beaphar Double Action Paste Liver 100g,2099-12-12,1.000,223.72,400.00,400.00,18,40.28,264.00,Wastage
27,URBANPETS SERVICES PRIVATE LIMITED,2024-04-19,8381,Classic Lead Adjustable L-XL 4.0-6.oft.25mm Black,,1.000,213.22,499.00,499.00,18,38.38,251.60,Wastage
27,URBANPETS SERVICES PRIVATE LIMITED,2024-04-19,10294,Dog Toy Ball Dia 6cm,,1.000,230.73,495.00,495.00,18,41.52,272.25,Wastage
27,URBANPETS SERVICES PRIVATE LIMITED,2024-04-19,7331,Drools Pup Booster 300gm,2026-02-28,2.000,224.25,299.00,299.00,18,0.00,448.50,Wastage
27,URBANPETS SERVICES PRIVATE LIMITED,2024-04-19,2667,Ear Wipes 30 Pcs,2028-05-30,1.000,209.75,450.00,450.00,18,37.76,247.51,Wastage
27,URBANPETS SERVICES PRIVATE LIMITED,2024-04-19,7250,Fresh For Paws Peanut Butter 250G,2099-12-12,1.000,221.39,475.00,475.00,18,39.86,261.25,Wastage
27,URBANPETS SERVICES PRIVATE LIMITED,2024-04-19,9502,Knotted Ball Natural Rubber 7cm,,2.000,219.20,495.00,495.00,18,78.90,517.29,Wastage
27,URBANPETS SERVICES PRIVATE LIMITED,2024-04-19,8319,Muzzle Plastic M-L 26CM Black,,2.000,211.51,495.00,495.00,18,76.14,499.16,Wastage
27,URBANPETS SERVICES PRIVATE LIMITED,2024-04-19,6732,Protective E Collar With Velcro S 25-32Cm 12cm,,1.000,220.06,515.00,515.00,18,39.60,259.66,Wastage
27,URBANPETS SERVICES PRIVATE LIMITED,2024-04-19,5982,Sancoat 150ml,2099-12-12,1.000,212.00,350.00,350.00,18,0.00,212.00,Wastage
27,URBANPETS SERVICES PRIVATE LIMITED,2024-04-19,8384,Trixie Premium Collar L-XL 40-65Cm/25mm Jet Black,,1.000,211.50,495.00,495.00,18,38.08,249.58,Wastage
27,URBANPETS SERVICES PRIVATE LIMITED,2024-04-19,5624,ZeeDog Phantom Collar (Cat),,1.000,232.58,499.00,499.00,18,41.86,274.44,Wastage
27,URBANPETS SERVICES PRIVATE LIMITED,2024-04-19,8343,ZeeDog Poop Bags,2099-12-12,2.000,232.58,499.00,499.00,18,83.72,548.89,Wastage
27,URBANPETS SERVICES PRIVATE LIMITED,2024-04-19,5692,ZeeDog Prisma Collar Cat,,1.000,232.58,499.00,499.00,18,41.86,274.44,Wastage
26,URBANPETS SERVICES PRIVATE LIMITED,2024-04-19,9894,AR T-Shirt 24,,5.000,241.11,625.00,625.00,18,217.00,1422.55,Wastage
26,URBANPETS SERVICES PRIVATE LIMITED,2024-04-19,9591,Flea and Dust Comb 21 cm,,3.000,235.01,550.00,550.00,18,126.90,831.94,Wastage
26,URBANPETS SERVICES PRIVATE LIMITED,2024-04-19,9532,"Junior Rustling Branch, Natural Rubber, 10 cm",,1.000,245.69,575.00,575.00,18,44.22,289.91,Wastage
25,URBANPETS SERVICES PRIVATE LIMITED,2024-04-19,2671,Catnip Play Spray 175ml,2099-12-12,3.000,160.23,375.00,375.00,18,86.52,567.21,Damage
25,URBANPETS SERVICES PRIVATE LIMITED,2024-04-19,7167,Cesar Tuna with White Meat Fish and Vegetables 100 gm,2099-12-12,12.000,69.92,110.00,110.00,18,151.02,990.07,Damage
25,URBANPETS SERVICES PRIVATE LIMITED,2024-04-19,2888,Clavam 375mg Tablet,2099-12-12,175.000,109.05,171.00,171.00,12,2290.06,21373.80,Damage
25,URBANPETS SERVICES PRIVATE LIMITED,2024-04-19,2584,Dermopile Pet Shampoo 200ml,2099-12-12,10.000,86.40,242.00,242.00,12,103.68,967.68,Damage
25,URBANPETS SERVICES PRIVATE LIMITED,2024-04-19,5989,DICINE 2ML INJ,2099-12-12,37.000,80.96,190.00,190.00,5,149.78,3145.30,Damage
25,URBANPETS SERVICES PRIVATE LIMITED,2024-04-19,7960,Dog Toothpaste With Tea Tree Oil 100 gms,2025-08-30,2.000,128.18,275.00,275.00,18,46.14,302.50,Damage
25,URBANPETS SERVICES PRIVATE LIMITED,2024-04-19,327,E collar 1 No,,5.000,114.41,270.00,270.00,18,102.96,675.02,Damage
25,URBANPETS SERVICES PRIVATE LIMITED,2024-04-19,327,E collar 1 No,,4.000,114.41,270.00,270.00,18,82.38,540.02,Damage
25,URBANPETS SERVICES PRIVATE LIMITED,2024-04-19,327,E collar 1 No,,1.000,114.40,270.00,270.00,18,20.60,135.00,Damage
25,URBANPETS SERVICES PRIVATE LIMITED,2024-04-19,2790,Fondapet Deodrant,2099-12-12,9.000,114.41,250.00,250.00,18,185.34,1215.03,Damage
25,URBANPETS SERVICES PRIVATE LIMITED,2024-04-19,2812,Himalaya WND-Heal PRD 100gm,2099-12-12,58.000,90.00,200.00,200.00,12,626.40,5846.40,Damage
25,URBANPETS SERVICES PRIVATE LIMITED,2024-04-19,5995,Komlinz 600mg Tab,2099-12-12,238.000,86.24,142.00,142.00,12,2463.02,22988.13,Damage
25,URBANPETS SERVICES PRIVATE LIMITED,2024-04-19,3042,Mankind Emikind Pet Syrup,2099-12-12,23.000,107.14,180.00,180.00,12,295.70,2759.93,Damage
25,URBANPETS SERVICES PRIVATE LIMITED,2024-04-19,9755,Munchy Mix Flavour 1kg,2024-10-30,18.000,93.22,220.00,220.00,18,302.04,1979.99,Damage
25,URBANPETS SERVICES PRIVATE LIMITED,2024-04-19,2893,Neem Capsule,2099-12-12,5.000,96.75,136.00,136.00,5,24.18,507.94,Damage
25,URBANPETS SERVICES PRIVATE LIMITED,2024-04-19,6095,Omega shine 30Tab,2099-12-12,20.000,135.06,360.00,360.00,18,486.22,3187.42,Damage
25,URBANPETS SERVICES PRIVATE LIMITED,2024-04-19,3139,Pet-O Lite Syrup 100ml,2099-12-12,7.000,100.00,200.00,200.00,12,84.00,784.00,Damage
25,URBANPETS SERVICES PRIVATE LIMITED,2024-04-19,3078,Pil Spectrapil Pet Lotion,2099-12-12,4.000,126.04,211.75,211.75,18,0.00,504.16,Damage
25,URBANPETS SERVICES PRIVATE LIMITED,2024-04-19,3126,Sava Vetachlor -  M Spray,2099-12-12,2.000,142.86,200.00,200.00,12,34.28,320.01,Damage
25,URBANPETS SERVICES PRIVATE LIMITED,2024-04-19,4055,SM-048 Munchees Braided Mix,2099-12-12,14.000,169.49,400.00,400.00,18,427.12,2799.97,Damage
25,URBANPETS SERVICES PRIVATE LIMITED,2024-04-19,6929,TEMP Tasty Chicken 85G,2099-12-12,4.000,95.34,150.00,150.00,18,68.64,450.00,Damage
25,URBANPETS SERVICES PRIVATE LIMITED,2024-04-19,6929,TEMP Tasty Chicken 85G,2099-12-12,1.000,95.34,150.00,150.00,18,17.16,112.50,Damage
24,URBANPETS SERVICES PRIVATE LIMITED,2024-04-09,2888,Clavam 375mg Tablet,2099-12-12,15.000,109.05,171.00,171.00,12,196.30,1832.04,Wastage
24,URBANPETS SERVICES PRIVATE LIMITED,2024-04-09,2929,Fixotic Spray,2099-12-12,6.000,230.02,498.00,498.00,12,165.62,1545.73,Wastage
24,URBANPETS SERVICES PRIVATE LIMITED,2024-04-09,2790,Fondapet Deodrant,2099-12-12,4.000,114.41,250.00,250.00,18,82.38,540.02,Wastage
23,URBANPETS SERVICES PRIVATE LIMITED,2024-04-09,2348,Andis Flea Comb White/Lime Green,,1.000,467.85,1095.00,1095.00,18,84.22,552.07,Damage
23,URBANPETS SERVICES PRIVATE LIMITED,2024-04-09,2347,Andis Self Cleaning Slicker Brush W-L Green,,1.000,596.06,1395.00,1395.00,18,107.30,703.36,Damage
23,URBANPETS SERVICES PRIVATE LIMITED,2024-04-09,2554,Aroma Groom Spirit Deodorizing Shampoo-500ml,2099-12-12,1.000,275.42,650.00,650.00,18,49.58,325.00,Damage
23,URBANPETS SERVICES PRIVATE LIMITED,2024-04-09,2551,Aroma Groom Spirit Puppies Shampoo-500 ml,2099-12-12,1.000,275.42,650.00,650.00,18,49.58,325.00,Damage
23,URBANPETS SERVICES PRIVATE LIMITED,2024-04-09,2272,GR-052 Slicker Brush Steel-L,,1.000,351.71,830.00,830.00,18,63.30,415.01,Damage
23,URBANPETS SERVICES PRIVATE LIMITED,2024-04-09,2581,Hug N Wag 4 in 1 Essential Care 5 ltr,2099-12-12,1.000,1415.60,2900.00,2900.00,18,254.80,1670.40,Damage
23,URBANPETS SERVICES PRIVATE LIMITED,2024-04-09,2537,petkin Plaque Spray 120 ml Coolmint,2099-12-12,1.000,298.68,699.00,699.00,18,53.76,352.44,Damage
23,URBANPETS SERVICES PRIVATE LIMITED,2024-04-09,2417,TTK Big Boss Shampoo,2099-12-12,6.000,123.21,230.00,230.00,12,88.72,827.97,Damage
23,URBANPETS SERVICES PRIVATE LIMITED,2024-04-09,2472,Virbac Sebolytic Shampoo 200ML,2099-12-12,3.000,351.58,605.00,605.00,18,189.86,1244.59,Damage
22,URBANPETS SERVICES PRIVATE LIMITED,2024-04-06,1536,Drools Adult Optimum Performance Dog Food 20kg,2099-12-12,1.000,2129.24,3350.00,3350.00,18,383.26,2512.50,Damage
22,URBANPETS SERVICES PRIVATE LIMITED,2024-04-06,8146,M-Pets Combi Bowl X Large 2X1500ml Beige and White,,1.000,1482.62,3499.00,3499.00,18,266.88,1749.50,Damage
22,URBANPETS SERVICES PRIVATE LIMITED,2024-04-06,7102,N and D GF PKN LB BB Puppy Med-Maxi 2.5KG,2099-12-12,5.000,1426.29,2650.00,2650.00,18,1283.66,8415.11,Damage
22,URBANPETS SERVICES PRIVATE LIMITED,2024-04-06,6977,SH- Adult Chicken and Egg 20KG,2025-05-30,1.000,2349.16,3850.00,3850.00,18,422.84,2772.00,Damage
22,URBANPETS SERVICES PRIVATE LIMITED,2024-04-06,5977,Vet Pro renal 8kg,2099-12-12,1.000,1567.38,3699.00,3699.00,18,282.12,1849.50,Damage
21,URBANPETS SERVICES PRIVATE LIMITED,2024-03-21,ITEM01,Pet Care Item,,6.000,4215.90,6467.19,6467.19,18,4553.17,29848.55,Wastage
20,URBANPETS SERVICES PRIVATE LIMITED,2024-03-17,ITEM01,Pet Care Item,,3.000,2979.66,4570.80,4570.80,18,1609.02,10548.00,Damage
19,URBANPETS SERVICES PRIVATE LIMITED,2024-03-17,ITEM01,Pet Care Item,,525.000,23.06,35.38,35.38,18,2179.24,14286.13,Wastage
18,URBANPETS SERVICES PRIVATE LIMITED,2024-03-17,ITEM01,Pet Care Item,,18.000,356.84,547.40,547.40,18,1156.17,7579.37,Wastage
17,URBANPETS SERVICES PRIVATE LIMITED,2024-03-17,ITEM01,Pet Care Item,,80.000,186.77,286.50,286.50,18,2689.44,17630.74,Damage
16,URBANPETS SERVICES PRIVATE LIMITED,2024-03-17,ITEM01,Pet Care Item,,72.000,518.95,796.07,796.07,18,6725.60,44090.04,Damage
15,URBANPETS SERVICES PRIVATE LIMITED,2024-03-17,ITEM01,Pet Care Item,,29.000,667.22,1023.52,1023.52,18,3482.89,22832.27,Damage
11,URBANPETS SERVICES PRIVATE LIMITED,2024-03-01,ITEM01,Pet Care Item,,16.000,3102.59,4759.37,4759.37,18,8935.46,58576.92,Wastage
10,URBANPETS SERVICES PRIVATE LIMITED,2024-02-29,ITEM01,Pet Care Item,,16.000,1707.00,2618.54,2618.54,18,4916.17,32228.20,Wastage
9,URBANPETS SERVICES PRIVATE LIMITED,2024-02-29,ITEM01,Pet Care Item,,3.000,1379.68,2116.43,2116.43,18,745.03,4884.07,Damage
8,URBANPETS SERVICES PRIVATE LIMITED,2024-02-29,ITEM01,Pet Care Item,,13.000,829.85,1272.99,1272.99,18,1941.86,12729.95,Damage
7,URBANPETS SERVICES PRIVATE LIMITED,2024-02-29,ITEM01,Pet Care Item,,23.000,432.77,663.87,663.87,18,1791.66,11745.34,Theft
6,URBANPETS SERVICES PRIVATE LIMITED,2024-02-29,ITEM01,Pet Care Item,,30.000,260.60,399.76,399.76,18,1407.25,9225.33,Wastage
5,URBANPETS SERVICES PRIVATE LIMITED,2024-02-28,ITEM01,Pet Care Item,,101.000,115.71,177.50,177.50,18,2103.62,13790.41,Wastage
4,URBANPETS SERVICES PRIVATE LIMITED,2024-02-19,ITEM01,Pet Care Item,,60.000,130.81,200.66,200.66,18,1412.73,9261.22,Damage
3,URBANPETS SERVICES PRIVATE LIMITED,2024-02-19,ITEM01,Pet Care Item,,14.000,3934.16,6035.00,6035.00,18,9914.08,64992.30,Theft
2,URBANPETS SERVICES PRIVATE LIMITED,2024-02-19,ITEM01,Pet Care Item,,18.000,3713.87,5697.08,5697.08,18,12032.94,78882.62,Damage
1,URBANPETS SERVICES PRIVATE LIMITED,2024-02-19,ITEM01,Pet Care Item,,6.000,7638.80,11717.91,11717.91,18,8249.90,54082.68,Wastage
